id,filename,content,title,Cơ quan ban hành,Số hiệu,Loại văn bản,Người ký,Ngày ban hành,Lĩnh vực
0,Công văn 67/TANDTC-PC 2023 quy định của Bộ luật Hình sự về Tội đánh bạc,"Công văn 67/TANDTC-PC của Toà án nhân dân tối cao về việc tổng kết thực tiễn thi hành quy định của Bộ luật Hình sự về Tội đánh bạc, Tội tổ chức đánh bạc hoặc gá bạc","Công văn 67/TANDTC-PC của Toà án nhân dân tối cao về việc tổng kết thực tiễn thi hành quy định của Bộ luật Hình sự về Tội đánh bạc, Tội tổ chức đánh bạc hoặc gá bạc",Toà án nhân dân tối cao,67/TANDTC-PC,Công văn,Nguyễn Văn Tiến,20/04/2023,Hình sự
1,"Nghị quyết 209/NQ-CP 2023 ký Hiệp định hợp tác phòng, chống tội phạm Việt Nam-Trung Quốc","Nghị quyết 209/NQ-CP của Chính phủ về việc ký Hiệp định về hợp tác phòng, chống tội phạm giữa Chính phủ nước Cộng hòa xã hội chủ nghĩa Việt Nam và Chính phủ nước Cộng hòa nhân dân Trung Hoa","Nghị quyết 209/NQ-CP của Chính phủ về việc ký Hiệp định về hợp tác phòng, chống tội phạm giữa Chính phủ nước Cộng hòa xã hội chủ nghĩa Việt Nam và Chính phủ nước Cộng hòa nhân dân Trung Hoa",Chính phủ,209/NQ-CP,Nghị quyết,Trần Lưu Quang,08/12/2023,"Ngoại giao,   Hình sự"
2,Chương trình phối hợp 5789/CHPH-BTP-BCA 2023 về trực trợ giúp pháp lý trong điều tra hình sự,Chương trình phối hợp 5789/CHPH-BTP-BCA của Bộ Tư pháp và Bộ Công an về việc trực trợ giúp pháp lý trong điều tra hình sự,Chương trình phối hợp 5789/CHPH-BTP-BCA của Bộ Tư pháp và Bộ Công an về việc trực trợ giúp pháp lý trong điều tra hình sự,Bộ Công an; Bộ Tư pháp,5789/CHPH-BTP-BCA,Chương trình,Trần Tiến Dũng; Nguyễn Duy Ngọc,27/11/2023,Hình sự
3,Công văn 8727/VPCP-NC 2023 đàm phán Hiệp định tương trợ tư pháp về hình sự giữa Việt Nam-Ma rốc,Công văn 8727/VPCP-NC của Văn phòng Chính phủ về đàm phán Hiệp định tương trợ tư pháp về hình sự giữa Việt Nam và Ma-rốc,Công văn 8727/VPCP-NC của Văn phòng Chính phủ về đàm phán Hiệp định tương trợ tư pháp về hình sự giữa Việt Nam và Ma-rốc,Văn phòng Chính phủ,8727/VPCP-NC,Công văn,Cao Huy,07/11/2023,"Hình sự, Tư pháp-Hộ tịch"
4,Quyết định 1302/QĐ-CTN 2023 đàm phán Hiệp định Tương trợ tư pháp về hình sự,Quyết định 1302/QĐ-CTN của Chủ tịch nước về việc đàm phán Hiệp định Tương trợ tư pháp về hình sự giữa nước Cộng hòa xã hội chủ nghĩa Việt Nam và Vương quốc Ma-rốc,Quyết định 1302/QĐ-CTN của Chủ tịch nước về việc đàm phán Hiệp định Tương trợ tư pháp về hình sự giữa nước Cộng hòa xã hội chủ nghĩa Việt Nam và Vương quốc Ma-rốc,Chủ tịch nước,1302/QĐ-CTN,Quyết định,Võ Văn Thưởng,01/11/2023,"Hình sự,   Tư pháp-Hộ tịch"
5,Kế hoạch 3883/KH-UBND Lai Châu 2023 triển khai thực hiện Quyết định 22/2023/QĐ-TTg,"Kế hoạch 3883/KH-UBND của Ủy ban nhân dân tỉnh Lai Châu triển khai thực hiện Quyết định 22/2023/QĐ-TTg, ngày 17/8/2023 của Thủ tướng Chính phủ về tín dụng đối với người chấp hành xong án phạt tù","Kế hoạch 3883/KH-UBND của Ủy ban nhân dân tỉnh Lai Châu triển khai thực hiện Quyết định 22/2023/QĐ-TTg, ngày 17/8/2023 của Thủ tướng Chính phủ về tín dụng đối với người chấp hành xong án phạt tù",Ủy ban nhân dân tỉnh Lai Châu,3883/KH-UBND,Kế hoạch,Tống Thanh Hải,10/10/2023,"Tài chính-Ngân hàng, Hình sự"
6,Quyết định 364/QĐ-CA 2023 công bố 7 án lệ,Quyết định 364/QĐ-CA của Tòa án nhân dân tối cao về việc công bố án lệ,Quyết định 364/QĐ-CA của Tòa án nhân dân tối cao về việc công bố án lệ,Toà án nhân dân tối cao,364/QĐ-CA,Quyết định,Nguyễn Hòa Bình,01/10/2023,"Hình sự,   Tư pháp-Hộ tịch"
7,"Công văn 6084/BCT-DKT 2023 hướng dẫn Điều 227, Điều 238 Bộ luật Hình sự 2015","Công văn 6084/BCT-DKT của Bộ Công Thương về hướng dẫn áp dụng quy định tại Điều 227, Điều 238 Bộ luật Hình sự năm 2015","Công văn 6084/BCT-DKT của Bộ Công Thương về hướng dẫn áp dụng quy định tại Điều 227, Điều 238 Bộ luật Hình sự năm 2015",Bộ Công Thương,6084/BCT-DKT,Công văn,Nguyễn Sinh Nhật Tân,05/09/2023,Hình sự
8,Công văn 174/TANDTC-PC 2023 về áp dụng điểm s khoản 1 Điều 51 của BLHS,Công văn 174/TANDTC-PC của Toà án nhân dân tối cao về việc áp dụng điểm s khoản 1 Điều 51 của Bộ luật Hình sự,Công văn 174/TANDTC-PC của Toà án nhân dân tối cao về việc áp dụng điểm s khoản 1 Điều 51 của Bộ luật Hình sự,Toà án nhân dân tối cao,174/TANDTC-PC,Công văn,Nguyễn Văn Tiến,31/08/2023,Hình sự
9,Thông tư 02/2023/TT-TANDTC hướng dẫn Điều 55 của Luật Trách nhiệm bồi thường của Nhà nước,"Thông tư 02/2023/TT-TANDTC của Tòa án nhân dân tối cao hướng dẫn thi hành Điều 55 của Luật Trách nhiệm bồi thường của Nhà nước về giải quyết yêu cầu bồi thường trong quá trình tố tụng hình sự, tố tụng hành chính tại Tòa án","Thông tư 02/2023/TT-TANDTC của Tòa án nhân dân tối cao hướng dẫn thi hành Điều 55 của Luật Trách nhiệm bồi thường của Nhà nước về giải quyết yêu cầu bồi thường trong quá trình tố tụng hình sự, tố tụng hành chính tại Tòa án",Toà án nhân dân tối cao,02/2023/TT-TANDTC,Thông tư,Nguyễn Hòa Bình,24/08/2023,Hình sự
10,Quyết định 22/2023/QĐ-TTg tín dụng đối với người chấp hành xong án phạt tù,Quyết định 22/2023/QĐ-TTg của Thủ tướng Chính phủ về tín dụng đối với người chấp hành xong án phạt tù,Quyết định 22/2023/QĐ-TTg của Thủ tướng Chính phủ về tín dụng đối với người chấp hành xong án phạt tù,Thủ tướng Chính phủ,22/2023/QĐ-TTg,Quyết định,Phạm Minh Chính,17/08/2023,"Tài chính-Ngân hàng,   Hình sự"
11,"Quyết định 259/QĐ-VKSTC 2023 công tác kiểm sát việc tạm giữ, tạm giam, thi hành án hình sự","Quyết định 259/QĐ-VKSTC của Viện kiểm sát nhân dân tối cao về việc ban hành Quy chế công tác kiểm sát việc tạm giữ, tạm giam, thi hành án hình sự; Hệ thống biểu mẫu nghiệp vụ và Hướng dẫn về thẩm quyền ký văn bản thuộc Hệ thống biểu mẫu nghiệp vụ về công tác kiểm sát việc tạm giữ, tạm giam, thi hành án hình sự","Quyết định 259/QĐ-VKSTC của Viện kiểm sát nhân dân tối cao về việc ban hành Quy chế công tác kiểm sát việc tạm giữ, tạm giam, thi hành án hình sự; Hệ thống biểu mẫu nghiệp vụ và Hướng dẫn về thẩm quyền ký văn bản thuộc Hệ thống biểu mẫu nghiệp vụ về công tác kiểm sát việc tạm giữ, tạm giam, thi hành án hình sự",Viện kiểm sát nhân dân tối cao,259/QĐ-VKSTC,Quyết định,Lê Minh Trí,20/07/2023,Hình sự
12,Kế hoạch 160/KH-UBND Yên Bái 2023 thực hiện Chỉ thị 16/CT-TTg,"Kế hoạch 160/KH-UBND của Ủy ban nhân dân tỉnh Yên Bái thực hiện Chỉ thị 16/CT-TTg ngày 27/5/2023 của Thủ tướng Chính phủ “Về tăng cường công tác phòng ngừa, đấu tranh tội phạm, vi phạm pháp luật liên quan đến hoạt động tổ chức đánh bạc và đánh bạc”","Kế hoạch 160/KH-UBND của Ủy ban nhân dân tỉnh Yên Bái thực hiện Chỉ thị 16/CT-TTg ngày 27/5/2023 của Thủ tướng Chính phủ “Về tăng cường công tác phòng ngừa, đấu tranh tội phạm, vi phạm pháp luật liên quan đến hoạt động tổ chức đánh bạc và đánh bạc”",Ủy ban nhân dân tỉnh Yên Bái,160/KH-UBND,Kế hoạch,Ngô Hạnh Phúc,10/07/2023,"An ninh trật tự, Hình sự"
13,"Công văn 5430/UBND-NC Nghệ An 2023 thu hồi tài sản bị thất thoát, chiếm đoạt trong vụ án hình sự","Công văn 5430/UBND-NC của Ủy ban nhân dân tỉnh Nghệ An về việc tăng cường công tác thu hồi tài sản bị thất thoát, chiếm đoạt trong các vụ án hình sự về tham nhũng, kinh tế","Công văn 5430/UBND-NC của Ủy ban nhân dân tỉnh Nghệ An về việc tăng cường công tác thu hồi tài sản bị thất thoát, chiếm đoạt trong các vụ án hình sự về tham nhũng, kinh tế",Ủy ban nhân dân tỉnh Nghệ An,5430/UBND-NC,Công văn,Lê Hồng Vinh,05/07/2023,Hình sự
14,Kế hoạch 1528/KH-UBND Gia Lai 2023 sơ kết 03 năm thực hiện Nghị định 49/2020/NĐ-CP,​Kế hoạch 1528/KH-UBND của Ủy ban nhân dân tỉnh Gia Lai sơ kết 03 năm thực hiện Nghị định 49/2020/NĐ-CP ngày 17/4/2020 của Chính phủ quy định chi tiết thi hành Luật Thi hành án hình sự về tái hòa nhập cộng đồng,​Kế hoạch 1528/KH-UBND của Ủy ban nhân dân tỉnh Gia Lai sơ kết 03 năm thực hiện Nghị định 49/2020/NĐ-CP ngày 17/4/2020 của Chính phủ quy định chi tiết thi hành Luật Thi hành án hình sự về tái hòa nhập cộng đồng,Ủy ban nhân dân tỉnh Gia Lai,1528/KH-UBND,Kế hoạch,Trương Hải Long,21/06/2023,Hình sự
15,"Công văn 2160/VKSTC-V14 2023 giải đáp vướng mắc quy định của Bộ luật Hình sự, Bộ luật Tố tụng hình sự","Công văn 2160/VKSTC-V14 của Viện Kiểm sát nhân dân tối cao về việc giải đáp một số khó khăn, vướng mắc liên quan đến quy định của Bộ luật Hình sự, Bộ luật Tố tụng hình sự, thi hành tạm giữ và thi hành án hình sự","Công văn 2160/VKSTC-V14 của Viện Kiểm sát nhân dân tối cao về việc giải đáp một số khó khăn, vướng mắc liên quan đến quy định của Bộ luật Hình sự, Bộ luật Tố tụng hình sự, thi hành tạm giữ và thi hành án hình sự",Viện kiểm sát nhân dân tối cao,2160/VKSTC-V14,Công văn,Hoàng Thị Quỳnh Chi,05/06/2023,"Hình sự,   Tư pháp-Hộ tịch"
16,"Chỉ thị 16/CT-TTg 2023 phòng ngừa, đấu tranh tội tổ chức đánh bạc và đánh bạc","Chỉ thị 16/CT-TTg của Thủ tướng Chính phủ về tăng cường phòng ngừa, đấu tranh tội phạm, vi phạm pháp luật liên quan đến hoạt động tổ chức đánh bạc và đánh bạc","Chỉ thị 16/CT-TTg của Thủ tướng Chính phủ về tăng cường phòng ngừa, đấu tranh tội phạm, vi phạm pháp luật liên quan đến hoạt động tổ chức đánh bạc và đánh bạc",Thủ tướng Chính phủ,16/CT-TTg,Chỉ thị,Trần Lưu Quang,27/05/2023,"An ninh trật tự,   Hình sự"
17,Công văn 87/TANDTC-PC 2023 báo cáo kết quả kiến nghị phòng ngừa tội phạm,"Công văn 87/TANDTC-PC của Tòa án nhân dân tối cao về việc báo cáo kết quả công tác kiến nghị phòng ngừa tội phạm, khắc phục vi phạm, quyết định khởi tố hoặc yêu cầu khởi tố vụ án hình sự thuộc thẩm quyền của Tòa án","Công văn 87/TANDTC-PC của Tòa án nhân dân tối cao về việc báo cáo kết quả công tác kiến nghị phòng ngừa tội phạm, khắc phục vi phạm, quyết định khởi tố hoặc yêu cầu khởi tố vụ án hình sự thuộc thẩm quyền của Tòa án",Toà án nhân dân tối cao,87/TANDTC-PC,Công văn,Nguyễn Văn Tiến,15/05/2023,Hình sự
18,Thông tư liên tịch 03/2023/TTLT-BCA-VKSNDTC-TANDTC phối hợp thông tin liên quan đến người phạm tội,"Thông tư liên tịch 03/2023/TTLT-BCA-VKSNDTC-TANDTC của Bộ Công an, Viện kiểm sát nhân dân tối cao, Toà án nhân dân tối cao quy định về phối hợp thông báo hoặc gửi, cung cấp thông tin, tài liệu liên quan đến người phạm tội","Thông tư liên tịch 03/2023/TTLT-BCA-VKSNDTC-TANDTC của Bộ Công an, Viện kiểm sát nhân dân tối cao, Toà án nhân dân tối cao quy định về phối hợp thông báo hoặc gửi, cung cấp thông tin, tài liệu liên quan đến người phạm tội",Bộ Công an; Toà án nhân dân tối cao; Viện kiểm sát nhân dân tối cao,03/2023/TTLT-BCA-VKSNDTC-TANDTC,Thông tư liên tịch,Lê Quốc Hùng; Nguyễn Trí Tuệ; Nguyễn Hải Trâm,12/05/2023,Hình sự
19,"Nghị quyết 03/2022/NQ-HĐTP 2022 hướng dẫn áp dụng quy định tại Điều 304, Điều 305, Điều 306, Điều 307 và Điều 308 của Bộ luật Hình sự","Nghị quyết 03/2022/NQ-HĐTP của Hội đồng Thẩm phán Toà án nhân dân tối cao về việc hướng dẫn áp dụng một số quy định tại Điều 304, Điều 305, Điều 306, Điều 307 và Điều 308 của Bộ luật Hình sự","Nghị quyết 03/2022/NQ-HĐTP của Hội đồng Thẩm phán Toà án nhân dân tối cao về việc hướng dẫn áp dụng một số quy định tại Điều 304, Điều 305, Điều 306, Điều 307 và Điều 308 của Bộ luật Hình sự",Hội đồng Thẩm phán Toà án nhân dân tối cao,03/2022/NQ-HĐTP,Nghị quyết,Nguyễn Hòa Bình,09/09/2022,"Hình sự,   Tư pháp-Hộ tịch"
20,"Nghị định 09/2023/NĐ-CP hướng dẫn Nghị quyết 54/2022/QH15 thí điểm mô hình tổ chức hoạt động lao động, dạy nghề cho phạm nhân","Nghị định 09/2023/NĐ-CP của Chính phủ về việc quy định chi tiết thi hành Nghị quyết 54/2022/QH15 ngày 16/6/2022 của Quốc hội thí điểm mô hình tổ chức hoạt động lao động, hướng nghiệp, dạy nghề cho phạm nhân ngoài trại giam","Nghị định 09/2023/NĐ-CP của Chính phủ về việc quy định chi tiết thi hành Nghị quyết 54/2022/QH15 ngày 16/6/2022 của Quốc hội thí điểm mô hình tổ chức hoạt động lao động, hướng nghiệp, dạy nghề cho phạm nhân ngoài trại giam",Chính phủ,09/2023/NĐ-CP,Nghị định,Phạm Minh Chính,13/03/2023,"Giáo dục-Đào tạo-Dạy nghề,   Lao động-Tiền lương,   Hình sự"
21,Quyết định 03/2023/QĐ-UBND Hưng Yên Quy chế thi hành án hình sự và tái hòa nhập cộng đồng,Quyết định 03/2023/QĐ-UBND của Ủy ban nhân dân tỉnh Hưng Yên ban hành Quy chế phối hợp trong công tác thi hành án hình sự và tái hòa nhập cộng đồng trên địa bàn tỉnh Hưng Yên,Quyết định 03/2023/QĐ-UBND của Ủy ban nhân dân tỉnh Hưng Yên ban hành Quy chế phối hợp trong công tác thi hành án hình sự và tái hòa nhập cộng đồng trên địa bàn tỉnh Hưng Yên,Ủy ban nhân dân tỉnh Hưng Yên,03/2023/QĐ-UBND,Quyết định,Trần Quốc Văn,20/02/2023,"Hình sự, Tư pháp-Hộ tịch"
22,Thông báo 19/TB-VKSTC 2023 về tội lừa đảo chiếm đoạt tài sản,"Thông báo 19/TB-VKSTC của Viện kiểm sát nhân dân tối cao rút kinh nghiệm vụ án Trần Phước Lộc và đồng phạm về tội ""lừa đảo chiếm đoạt tài sản"" ở Đà Nẵng","Thông báo 19/TB-VKSTC của Viện kiểm sát nhân dân tối cao rút kinh nghiệm vụ án Trần Phước Lộc và đồng phạm về tội ""lừa đảo chiếm đoạt tài sản"" ở Đà Nẵng",Viện kiểm sát nhân dân tối cao,19/TB-VKSTC,Thông báo,Phạm Văn An,31/01/2023,"An ninh trật tự, Hình sự"
23,Thông tư liên tịch 01/2023/TTLT-BCA-BQP-TANDTC-VKSNDTC thực hiện thi hành án hình sự tại cộng đồng,"Thông tư liên tịch 01/2023/TTLT-BCA-BQP-TANDTC-VKSNDTC của Bộ Công an, Bộ Quốc phòng, Tòa án nhân dân tối cao và Viện kiểm sát nhân dân tối cao quy định việc phối hợp trong thực hiện một số quy định của Luật Thi hành án hình sự về thi hành án hình sự tại cộng đồng","Thông tư liên tịch 01/2023/TTLT-BCA-BQP-TANDTC-VKSNDTC của Bộ Công an, Bộ Quốc phòng, Tòa án nhân dân tối cao và Viện kiểm sát nhân dân tối cao quy định việc phối hợp trong thực hiện một số quy định của Luật Thi hành án hình sự về thi hành án hình sự tại cộng đồng",Bộ Công an; Bộ Quốc phòng; Toà án nhân dân tối cao; Viện kiểm sát nhân dân tối cao,01/2023/TTLT-BCA-BQP-TANDTC-VKSNDTC,Thông tư liên tịch,Nguyễn Văn Tiến; Nguyễn Huy Tiến; Võ Minh Lương; Nguyễn Văn Long,18/01/2023,Hình sự
24,"Hướng dẫn 03/HD-VKSTC 2023 kiểm sát việc tạm giữ, tạm giam và thi hành án hình sự năm 2023","Hướng dẫn 03/HD-VKSTC của Viện kiểm sát nhân dân tối cao về công tác kiểm sát việc tạm giữ, tạm giam và thi hành án hình sự năm 2023","Hướng dẫn 03/HD-VKSTC của Viện kiểm sát nhân dân tối cao về công tác kiểm sát việc tạm giữ, tạm giam và thi hành án hình sự năm 2023",Viện kiểm sát nhân dân tối cao,03/HD-VKSTC,Hướng dẫn,Lương Minh Thống,03/01/2023,Hình sự
25,Hướng dẫn 02/HD-VKSTC 2023 công tác thực hành quyền công tố và kiểm sát xét xử hình sự năm 2023,Hướng dẫn 02/HD-VKSTC của Viện kiểm sát nhân dân tối cao về công tác thực hành quyền công tố và kiểm sát xét xử hình sự năm 2023,Hướng dẫn 02/HD-VKSTC của Viện kiểm sát nhân dân tối cao về công tác thực hành quyền công tố và kiểm sát xét xử hình sự năm 2023,Viện kiểm sát nhân dân tối cao,02/HD-VKSTC,Hướng dẫn,Lại Viết Quang,03/01/2023,Hình sự
26,Quyết định 3195/QĐ-UBND Đà Nẵng 2022 thay đổi thành viên Hội đồng định giá tài sản trong tố tụng hình sự,Quyết định 3195/QĐ-UBND của Ủy ban nhân dân Thành phố Đà Nẵng về việc thay đổi thành viên Hội đồng định giá tài sản trong tố tụng hình sự thành phố Đà Nẵng,Quyết định 3195/QĐ-UBND của Ủy ban nhân dân Thành phố Đà Nẵng về việc thay đổi thành viên Hội đồng định giá tài sản trong tố tụng hình sự thành phố Đà Nẵng,Ủy ban nhân dân TP. Đà Nẵng,3195/QĐ-UBND,Quyết định,Lê Trung Chinh,13/12/2022,"Cơ cấu tổ chức, Hình sự"
27,Thông tư 89/2022/TT-BQP Nội quy cơ sở giam giữ phạm nhân,Thông tư 89/2022/TT-BQP của Bộ Quốc phòng về việc ban hành Nội quy cơ sở giam giữ phạm nhân,Thông tư 89/2022/TT-BQP của Bộ Quốc phòng về việc ban hành Nội quy cơ sở giam giữ phạm nhân,Bộ Quốc phòng,89/2022/TT-BQP,Thông tư,Võ Minh Lương,06/12/2022,Hình sự
28,"Hướng dẫn 34/HD-VKSTC 2022 kỹ năng phát hiện vi phạm trong giải quyết vụ án hình sự để kháng nghị, kiến nghị","Hướng dẫn 34/HD-VKSTC của Viện kiểm sát nhân dân tối cao về kỹ năng phát hiện vi phạm trong giải quyết vụ án hình sự để kháng nghị, kiến nghị","Hướng dẫn 34/HD-VKSTC của Viện kiểm sát nhân dân tối cao về kỹ năng phát hiện vi phạm trong giải quyết vụ án hình sự để kháng nghị, kiến nghị",Viện kiểm sát nhân dân tối cao,34/HD-VKSTC,Hướng dẫn,Lại Viết Quang,29/11/2022,Hình sự
29,Thông tư 32/2022/TT-BCA quy định về giám định viên lĩnh vực kỹ thuật hình sự; pháp y trong Công an nhân dân,"Thông tư 32/2022/TT-BCA của Bộ Công an quy định về giám định viên lĩnh vực kỹ thuật hình sự; tiêu chuẩn bổ nhiệm chức danh giám định viên lĩnh vực kỹ thuật hình sự, pháp y trong Công an nhân dân; công bố tổ chức, người giám định theo vụ việc trong Công an nhân dân","Thông tư 32/2022/TT-BCA của Bộ Công an quy định về giám định viên lĩnh vực kỹ thuật hình sự; tiêu chuẩn bổ nhiệm chức danh giám định viên lĩnh vực kỹ thuật hình sự, pháp y trong Công an nhân dân; công bố tổ chức, người giám định theo vụ việc trong Công an nhân dân",Bộ Công an,32/2022/TT-BCA,Thông tư,Tô Lâm,12/09/2022,Hình sự
30,"Thông tư 07/2018/TT-BCA quy định việc phạm nhân gặp nhân thân; nhận tiền, đồ vật của thân nhân","Thông tư 07/2018/TT-BCA của Bộ Công an quy định việc phạm nhân gặp thân nhân; nhận, gửi thư; nhận tiền, đồ vật và liên lạc điện thoại với thân nhân","Thông tư 07/2018/TT-BCA của Bộ Công an quy định việc phạm nhân gặp thân nhân; nhận, gửi thư; nhận tiền, đồ vật và liên lạc điện thoại với thân nhân",Bộ Công an,07/2018/TT-BCA,Thông tư,Tô Lâm,12/02/2018,Hình sự
31,Chỉ thị 06/CT-UBND Huế năm 2018 triển khai thi hành Bộ luật Hình sự năm 2015,Chỉ thị 06/CT-UBND của Ủy ban nhân dân tỉnh Thừa Thiên Huế về việc triển khai thi hành Bộ luật Hình sự năm 2015,Chỉ thị 06/CT-UBND của Ủy ban nhân dân tỉnh Thừa Thiên Huế về việc triển khai thi hành Bộ luật Hình sự năm 2015,Ủy ban nhân dân tỉnh Thừa Thiên Huế,06/CT-UBND,Chỉ thị,Đinh Khắc Đính,02/03/2018,Hình sự
32,Thông tư 06/2018/TT-BCA quy định tiêu chuẩn thi đua trong chấp hành án phạt tù và xếp loại chấp hành án phạt tù trong phạm nhân,Thông tư 06/2018/TT-BCA của Bộ Công an về việc quy định tiêu chuẩn thi đua trong chấp hành án phạt tù và xếp loại chấp hành án phạt tù trong phạm nhân,Thông tư 06/2018/TT-BCA của Bộ Công an về việc quy định tiêu chuẩn thi đua trong chấp hành án phạt tù và xếp loại chấp hành án phạt tù trong phạm nhân,Bộ Công an,06/2018/TT-BCA,Thông tư,Tô Lâm,12/02/2018,"Thi đua-Khen thưởng-Kỷ luật,   Hình sự"
33,Quyết định 1559/QĐ-BTP 2017 Kế hoạch triển khai thi hành Bộ luật Hình sự,Quyết định 1559/QĐ-BTP của Bộ Tư pháp về việc ban hành Kế hoạch triển khai thi hành Bộ luật Hình sự,Quyết định 1559/QĐ-BTP của Bộ Tư pháp về việc ban hành Kế hoạch triển khai thi hành Bộ luật Hình sự,Bộ Tư pháp,1559/QĐ-BTP,Quyết định,Lê Thành Long,27/09/2017,Hình sự
34,Chỉ thị 08/CT-VKSTC của Viện kiểm sát nhân dân tối cao về tăng cường thanh tra đột xuất đối với các vụ việc có dấu hiệu vi phạm trong lĩnh vực hình sự,Chỉ thị 08/CT-VKSTC của Viện kiểm sát nhân dân tối cao về tăng cường thanh tra đột xuất đối với các vụ việc có dấu hiệu vi phạm trong lĩnh vực hình sự,Chỉ thị 08/CT-VKSTC của Viện kiểm sát nhân dân tối cao về tăng cường thanh tra đột xuất đối với các vụ việc có dấu hiệu vi phạm trong lĩnh vực hình sự,Viện kiểm sát nhân dân tối cao,08/CT-VKSTC,Chỉ thị,Lê Minh Trí,28/11/2017,Hình sự
35,Kế hoạch 236/KH-UBND của Ủy ban nhân dân Thành phố Hà Nội về việc triển khai thi hành Bộ luật Hình sự trên địa bàn Thành phố Hà Nội,Kế hoạch 236/KH-UBND của Ủy ban nhân dân Thành phố Hà Nội về việc triển khai thi hành Bộ luật Hình sự trên địa bàn Thành phố Hà Nội,Kế hoạch 236/KH-UBND của Ủy ban nhân dân Thành phố Hà Nội về việc triển khai thi hành Bộ luật Hình sự trên địa bàn Thành phố Hà Nội,Ủy ban nhân dân TP. Hà Nội,236/KH-UBND,Kế hoạch,Lê Hồng Sơn,23/11/2017,Hình sự
36,"Nghị định 127/2017/NĐ-CP niêm phong, mở niêm phong vật chứng","Nghị định 127/2017/NĐ-CP của Chính phủ về việc quy định chi tiết việc niêm phong, mở niêm phong vật chứng","Nghị định 127/2017/NĐ-CP của Chính phủ về việc quy định chi tiết việc niêm phong, mở niêm phong vật chứng",Chính phủ,127/2017/NĐ-CP,Nghị định,Nguyễn Xuân Phúc,16/11/2017,"Dân sự,   Hình sự,   Tư pháp-Hộ tịch"
37,Nghị định 128/2017/NĐ-CP chế độ báo cáo về điều tra hình sự,Nghị định 128/2017/NĐ-CP của Chính phủ về việc quy định chế độ báo cáo về điều tra hình sự,Nghị định 128/2017/NĐ-CP của Chính phủ về việc quy định chế độ báo cáo về điều tra hình sự,Chính phủ,128/2017/NĐ-CP,Nghị định,Nguyễn Xuân Phúc,16/11/2017,Hình sự
38,"Nghị định 120/2017/NĐ-CP hướng dẫn Luật Thi hành tạm giữ, tạm giam","Nghị định 120/2017/NĐ-CP của Chính phủ về việc quy định chi tiết một số điều của Luật Thi hành tạm giữ, tạm giam","Nghị định 120/2017/NĐ-CP của Chính phủ về việc quy định chi tiết một số điều của Luật Thi hành tạm giữ, tạm giam",Chính phủ,120/2017/NĐ-CP,Nghị định,Nguyễn Xuân Phúc,06/11/2017,"Hình sự,   Tư pháp-Hộ tịch"
39,"Nghị định 121/2017/NĐ-CP về quản lý cơ sở dữ liệu về thi hành tạm giữ, tạm giam","Nghị định 121/2017/NĐ-CP của Chính phủ về việc quy định xây dựng, quản lý, sử dụng cơ sở dữ liệu về thi hành tạm giữ, tạm giam","Nghị định 121/2017/NĐ-CP của Chính phủ về việc quy định xây dựng, quản lý, sử dụng cơ sở dữ liệu về thi hành tạm giữ, tạm giam",Chính phủ,121/2017/NĐ-CP,Nghị định,Nguyễn Xuân Phúc,06/11/2017,"Hình sự,   Tư pháp-Hộ tịch"
40,Thông tư 49/2017/TT-BCA bồi dưỡng giám định tư pháp lĩnh vực kỹ thuật hình sự,"Thông tư 49/2017/TT-BCA của Bộ Công an về việc quy định chi tiết chế độ bồi dưỡng giám định tư pháp trong lĩnh vực kỹ thuật hình sự; thành phần, số người thực hiện nhiệm vụ khi giám định đối với trường hợp khám nghiệm tử thi, mổ tử thi và khai quật tử thi","Thông tư 49/2017/TT-BCA của Bộ Công an về việc quy định chi tiết chế độ bồi dưỡng giám định tư pháp trong lĩnh vực kỹ thuật hình sự; thành phần, số người thực hiện nhiệm vụ khi giám định đối với trường hợp khám nghiệm tử thi, mổ tử thi và khai quật tử thi",Bộ Công an,49/2017/TT-BCA,Thông tư,Tô Lâm,26/10/2017,"Hình sự,   Tư pháp-Hộ tịch"
41,"Chỉ thị 39/CT-TTg của Thủ tướng Chính phủ về việc tăng cường công tác phòng ngừa, đấu tranh với tội phạm và vi phạm pháp luật về chống người thi hành công vụ","Chỉ thị 39/CT-TTg của Thủ tướng Chính phủ về việc tăng cường công tác phòng ngừa, đấu tranh với tội phạm và vi phạm pháp luật về chống người thi hành công vụ","Chỉ thị 39/CT-TTg của Thủ tướng Chính phủ về việc tăng cường công tác phòng ngừa, đấu tranh với tội phạm và vi phạm pháp luật về chống người thi hành công vụ",Thủ tướng Chính phủ,39/CT-TTg,Chỉ thị,Nguyễn Xuân Phúc,24/10/2017,"An ninh trật tự,   Hình sự"
42,Quyết định 1681/QĐ-TTg 2016 về thực hiện bồi thường cho người bị thiệt hại trong hoạt động tố tụng hình sự,"Quyết định 1681/QĐ-TTg của Thủ tướng Chính phủ về việc ban hành Chương trình thực hiện Nghị quyết 96/2015/QH13 của Quốc hội về tăng cường các biện pháp phòng, chống oan, sai và bảo đảm bồi thường cho người bị thiệt hại trong hoạt động tố tụng hình sự","Quyết định 1681/QĐ-TTg của Thủ tướng Chính phủ về việc ban hành Chương trình thực hiện Nghị quyết 96/2015/QH13 của Quốc hội về tăng cường các biện pháp phòng, chống oan, sai và bảo đảm bồi thường cho người bị thiệt hại trong hoạt động tố tụng hình sự",Thủ tướng Chính phủ,1681/QĐ-TTg,Quyết định,Nguyễn Xuân Phúc,30/08/2016,"Hình sự,   Tư pháp-Hộ tịch"
43,Thông báo 31/2017/TB-LPQT của Bộ Ngoại giao về hiệu lực của Hiệp định tương trợ tư pháp về hình sự giữa nước Cộng hòa xã hội chủ nghĩa Việt Nam và Hung-ga-ri,Thông báo 31/2017/TB-LPQT của Bộ Ngoại giao về hiệu lực của Hiệp định tương trợ tư pháp về hình sự giữa nước Cộng hòa xã hội chủ nghĩa Việt Nam và Hung-ga-ri,Thông báo 31/2017/TB-LPQT của Bộ Ngoại giao về hiệu lực của Hiệp định tương trợ tư pháp về hình sự giữa nước Cộng hòa xã hội chủ nghĩa Việt Nam và Hung-ga-ri,Bộ Ngoại giao,31/2017/TB-LPQT,Thông báo,Lê Hải Triều,29/06/2017,"Ngoại giao, Hình sự"
44,Thông báo 32/2017/TB-LPQT của Bộ Ngoại giao về hiệu lực của Hiệp định về chuyển giao người bị kết án phạt tù giữa Cộng hòa xã hội chủ nghĩa Việt Nam và Hung-ga-ri,Thông báo 32/2017/TB-LPQT của Bộ Ngoại giao về hiệu lực của Hiệp định về chuyển giao người bị kết án phạt tù giữa Cộng hòa xã hội chủ nghĩa Việt Nam và Hung-ga-ri,Thông báo 32/2017/TB-LPQT của Bộ Ngoại giao về hiệu lực của Hiệp định về chuyển giao người bị kết án phạt tù giữa Cộng hòa xã hội chủ nghĩa Việt Nam và Hung-ga-ri,Bộ Ngoại giao,32/2017/TB-LPQT,Thông báo,Lê Hải Triều,29/06/2017,"Ngoại giao, Hình sự"
45,"Bộ luật Hình sự sửa đổi 2017, số 12/2017/QH14","Luật sửa đổi, bổ sung một số điều của Bộ luật Hình sự số 100/2015/QH13 của Quốc hội, số 12/2017/QH14","Luật sửa đổi, bổ sung một số điều của Bộ luật Hình sự số 100/2015/QH13 của Quốc hội, số 12/2017/QH14",Quốc hội,12/2017/QH14,Luật,Nguyễn Thị Kim Ngân,20/06/2017,Hình sự
46,"Nghị quyết 41/2017/QH14 thi hành Bộ luật Hình sự 2015, Bộ luật Tố tụng hình sự 2015, Luật Thi hành tạm giữ, tạm giam 2015","Nghị quyết 41/2017/QH14 của Quốc hội về việc thi hành Bộ luật Hình sự số 100/2015/QH13 đã được sửa đổi, bổ sung một số điều theo Luật số 12/2017/QH14 và về hiệu lực thi hành của Bộ luật Tố tụng hình sự số 101/2015/QH13, Luật Tổ chức cơ quan điều tra hình sự số 99/2015/QH13, Luật Thi hành tạm giữ, tạm giam số 94/2015/QH13","Nghị quyết 41/2017/QH14 của Quốc hội về việc thi hành Bộ luật Hình sự số 100/2015/QH13 đã được sửa đổi, bổ sung một số điều theo Luật số 12/2017/QH14 và về hiệu lực thi hành của Bộ luật Tố tụng hình sự số 101/2015/QH13, Luật Tổ chức cơ quan điều tra hình sự số 99/2015/QH13, Luật Thi hành tạm giữ, tạm giam số 94/2015/QH13",Quốc hội,41/2017/QH14,Nghị quyết,Nguyễn Thị Kim Ngân,20/06/2017,Hình sự
47,Hiệp định tương trợ tư pháp hình sự giữa Việt Nam và Ca-dắc-xtan,Hiệp định tương trợ tư pháp về hình sự giữa nước Cộng hòa xã hội chủ nghĩa Việt Nam và nước Cộng hòa Ca-dắc-xtan,Hiệp định tương trợ tư pháp về hình sự giữa nước Cộng hòa xã hội chủ nghĩa Việt Nam và nước Cộng hòa Ca-dắc-xtan,Chính phủ Cộng hoà xã hội chủ nghĩa Việt Nam; Chính phủ Cộng hòa Ca-dắc-xtan,Không số,Hiệp định,Lê Minh Trí; Zhakyp Assanov,15/06/2017,"Ngoại giao,   Hình sự"
48,Hiệp định chuyển giao người bị kết án phạt tù giữa Việt Nam và Séc,Hiệp định giữa Cộng hòa xã hội chủ nghĩa Việt Nam và Cộng hòa Séc về chuyển giao người bị kết án phạt tù,Hiệp định giữa Cộng hòa xã hội chủ nghĩa Việt Nam và Cộng hòa Séc về chuyển giao người bị kết án phạt tù,Chính phủ Cộng hoà xã hội chủ nghĩa Việt Nam; Chính phủ cộng hòa Séc,Không số,Hiệp định,Tô Lâm; ROBERT PELIKÁN,07/06/2017,"Ngoại giao,   Hình sự"
49,"Công văn 06/TANDTC-PC của Tòa án nhân dân tối cao về việc xử lý hình sự đối với hành vi tàng trữ, vận chuyển, buôn bán pháo nổ","Công văn 06/TANDTC-PC của Tòa án nhân dân tối cao về việc xử lý hình sự đối với hành vi tàng trữ, vận chuyển, buôn bán pháo nổ","Công văn 06/TANDTC-PC của Tòa án nhân dân tối cao về việc xử lý hình sự đối với hành vi tàng trữ, vận chuyển, buôn bán pháo nổ",Toà án nhân dân tối cao,06/TANDTC-PC,Công văn,Nguyễn Sơn,19/01/2017,Hình sự
50,Công văn 5003/VKSTC-V14 về quy định có lợi cho người phạm tội trong Bộ luật Hình sự năm 2015,Công văn 5003/VKSTC-V14 của Viện kiểm sát nhân dân tối cao về việc hướng dẫn áp dụng các quy định có lợi cho người phạm tội trong Bộ luật Hình sự năm 2015 và các quy định của Bộ luật Tố tụng hình sự năm 2015 để thi hành các quy định có lợi cho người phạm tội của Bộ luật Hình sự năm 2015,Công văn 5003/VKSTC-V14 của Viện kiểm sát nhân dân tối cao về việc hướng dẫn áp dụng các quy định có lợi cho người phạm tội trong Bộ luật Hình sự năm 2015 và các quy định của Bộ luật Tố tụng hình sự năm 2015 để thi hành các quy định có lợi cho người phạm tội của Bộ luật Hình sự năm 2015,Viện kiểm sát nhân dân tối cao,5003/VKSTC-V14,Công văn,Trần Công Phàn,02/12/2016,Hình sự
51,Công văn 276/TANDTC-PC hướng dẫn áp dụng quy định có lợi cho người phạm tội,Công văn 276/TANDTC-PC của Tòa án nhân dân tối cao về việc hướng dẫn áp dụng một số quy định có lợi cho người phạm tội của Bộ luật Hình sự năm 2015,Công văn 276/TANDTC-PC của Tòa án nhân dân tối cao về việc hướng dẫn áp dụng một số quy định có lợi cho người phạm tội của Bộ luật Hình sự năm 2015,Toà án nhân dân tối cao,276/TANDTC-PC,Công văn,Nguyễn Hòa Bình,13/09/2016,Hình sự
52,Quyết định 962/QĐ-BXD của Bộ Xây dựng ban hành Kế hoạch về việc tổ chức lấy ý kiến vào Dự thảo Bộ luật Hình sự (sửa đổi),Quyết định 962/QĐ-BXD của Bộ Xây dựng ban hành Kế hoạch về việc tổ chức lấy ý kiến vào Dự thảo Bộ luật Hình sự (sửa đổi),Quyết định 962/QĐ-BXD của Bộ Xây dựng ban hành Kế hoạch về việc tổ chức lấy ý kiến vào Dự thảo Bộ luật Hình sự (sửa đổi),Bộ Xây dựng,962/QĐ-BXD,Quyết định,Trịnh Đình Dũng,18/08/2015,Hình sự
53,Quyết định 370/QĐ-TTg 2016 triển khai thi hành Luật Tổ chức cơ quan điều tra hình sự,Quyết định 370/QĐ-TTg của Thủ tướng Chính phủ về việc ban hành Kế hoạch triển khai thi hành Luật Tổ chức cơ quan điều tra hình sự,Quyết định 370/QĐ-TTg của Thủ tướng Chính phủ về việc ban hành Kế hoạch triển khai thi hành Luật Tổ chức cơ quan điều tra hình sự,Thủ tướng Chính phủ,370/QĐ-TTg,Quyết định,Nguyễn Tấn Dũng,09/03/2016,Hình sự
54,Quyết định 140/QĐ-TANDTC 2016 Kế hoạch triển khai thi hành Bộ luật Tố tụng hình sự trong Tòa án nhân dân,Quyết định 140/QĐ-TANDTC của Tòa án nhân dân tối cao về việc ban hành Kế hoạch triển khai thi hành Bộ luật Tố tụng hình sự trong Tòa án nhân dân,Quyết định 140/QĐ-TANDTC của Tòa án nhân dân tối cao về việc ban hành Kế hoạch triển khai thi hành Bộ luật Tố tụng hình sự trong Tòa án nhân dân,Toà án nhân dân tối cao,140/QĐ-TANDTC,Quyết định,Trương Hòa Bình,26/02/2016,Hình sự
55,Quyết định 272/QĐ-TTg 2016 ban hành Kế hoạch triển khai thi hành Bộ luật Hình sự,Quyết định 272/QĐ-TTg của Thủ tướng Chính phủ về việc ban hành Kế hoạch triển khai thi hành Bộ luật Hình sự,Quyết định 272/QĐ-TTg của Thủ tướng Chính phủ về việc ban hành Kế hoạch triển khai thi hành Bộ luật Hình sự,Thủ tướng Chính phủ,272/QĐ-TTg,Quyết định,Nguyễn Tấn Dũng,19/02/2016,Hình sự
56,Công văn 3613/UBPL13 năm 2016 đính chính Bộ luật Hình sự năm 2015,Công văn 3613/UBPL13 của Ủy ban pháp luật về việc đính chính Luật 100/2015/QH13,Công văn 3613/UBPL13 của Ủy ban pháp luật về việc đính chính Luật 100/2015/QH13,Ủy ban pháp luật,3613/UBPL13,Công văn,Ngô Trung Thành,11/01/2016,Hình sự
57,Công văn 10843/VPCP-NC của Văn phòng Chính phủ về việc xây dựng Chương trình thực hiện Nghị quyết 111/2015/QH13,Công văn 10843/VPCP-NC của Văn phòng Chính phủ về việc xây dựng Chương trình thực hiện Nghị quyết 111/2015/QH13,Công văn 10843/VPCP-NC của Văn phòng Chính phủ về việc xây dựng Chương trình thực hiện Nghị quyết 111/2015/QH13,Văn phòng Chính phủ,10843/VPCP-NC,Công văn,Nguyễn Văn Nên,27/12/2015,Hình sự
58,Lệnh 36/2015/L-CTN của Chủ tịch nước về việc công bố Nghị quyết của Quốc hội về việc thi hành Bộ luật Tố tụng hình sự,Lệnh 36/2015/L-CTN của Chủ tịch nước về việc công bố Nghị quyết của Quốc hội về việc thi hành Bộ luật Tố tụng hình sự,Lệnh 36/2015/L-CTN của Chủ tịch nước về việc công bố Nghị quyết của Quốc hội về việc thi hành Bộ luật Tố tụng hình sự,Chủ tịch nước,36/2015/L-CTN,Lệnh,Trương Tấn Sang,09/12/2015,Hình sự
59,Lệnh 35/2015/L-CTN của Chủ tịch nước về việc công bố Luật Tố tụng hình sự,Lệnh 35/2015/L-CTN của Chủ tịch nước về việc công bố Luật Tố tụng hình sự,Lệnh 35/2015/L-CTN của Chủ tịch nước về việc công bố Luật Tố tụng hình sự,Chủ tịch nước,35/2015/L-CTN,Lệnh,Trương Tấn Sang,09/12/2015,Hình sự
60,Lệnh 33/2015/L-CTN của Chủ tịch nước về việc công bố Bộ luật Hình sự,Lệnh 33/2015/L-CTN của Chủ tịch nước về việc công bố Bộ luật Hình sự,Lệnh 33/2015/L-CTN của Chủ tịch nước về việc công bố Bộ luật Hình sự,Chủ tịch nước,33/2015/L-CTN,Lệnh,Trương Tấn Sang,09/12/2015,Hình sự
61,Lệnh 34/2015/L-CTN của Chủ tịch nước về việc công bố Nghị quyết về việc thi hành Bộ luật Hình sự,Lệnh 34/2015/L-CTN của Chủ tịch nước về việc công bố Nghị quyết về việc thi hành Bộ luật Hình sự,Lệnh 34/2015/L-CTN của Chủ tịch nước về việc công bố Nghị quyết về việc thi hành Bộ luật Hình sự,Chủ tịch nước,34/2015/L-CTN,Lệnh,Trương Tấn Sang,09/12/2015,Hình sự
62,Lệnh 31/2015/L-CTN của Chủ tịch nước về việc công bố Luật Tổ chức cơ quan điều tra hình sự,Lệnh 31/2015/L-CTN của Chủ tịch nước về việc công bố Luật Tổ chức cơ quan điều tra hình sự,Lệnh 31/2015/L-CTN của Chủ tịch nước về việc công bố Luật Tổ chức cơ quan điều tra hình sự,Chủ tịch nước,31/2015/L-CTN,Lệnh,Trương Tấn Sang,08/12/2015,"Cơ cấu tổ chức,   Hình sự"
63,Nghị quyết 109/2015/QH13 về việc thi hành Bộ luật Hình sự,Nghị quyết 109/2015/QH13 của Quốc hội về việc thi hành Bộ luật Hình sự,Nghị quyết 109/2015/QH13 của Quốc hội về việc thi hành Bộ luật Hình sự,Quốc hội,109/2015/QH13,Nghị quyết,Nguyễn Sinh Hùng,27/11/2015,Hình sự
64,Nghị quyết 110/2015/QH13 của Quốc hội về việc thi hành Bộ luật Tố tụng hình sự,Nghị quyết 110/2015/QH13 của Quốc hội về việc thi hành Bộ luật Tố tụng hình sự,Nghị quyết 110/2015/QH13 của Quốc hội về việc thi hành Bộ luật Tố tụng hình sự,Quốc hội,110/2015/QH13,Nghị quyết,Nguyễn Sinh Hùng,27/11/2015,"Hình sự,   Tư pháp-Hộ tịch"
65,"Nghị quyết 111/2015/QH13 về công tác phòng, chống vi phạm pháp luật của Tòa án nhân dân","Nghị quyết 111/2015/QH13 của Quốc hội về công tác phòng, chống vi phạm pháp luật và tội phạm, công tác của Viện kiểm sát nhân dân, của Tòa án nhân dân và công tác thi hành án năm 2016 và các năm tiếp theo","Nghị quyết 111/2015/QH13 của Quốc hội về công tác phòng, chống vi phạm pháp luật và tội phạm, công tác của Viện kiểm sát nhân dân, của Tòa án nhân dân và công tác thi hành án năm 2016 và các năm tiếp theo",Quốc hội,111/2015/QH13,Nghị quyết,Nguyễn Sinh Hùng,27/11/2015,"An ninh trật tự,   Hình sự,   Tư pháp-Hộ tịch"
66,"Bộ luật Tố tụng hình sự 2015, số 101/2015/QH13","Bộ luật Tố tụng hình sự của Quốc hội, số 101/2015/QH13","Bộ luật Tố tụng hình sự của Quốc hội, số 101/2015/QH13",Quốc hội,101/2015/QH13,Bộ luật,Nguyễn Sinh Hùng,27/11/2015,"Hành chính,   Hình sự,   Tư pháp-Hộ tịch"
67,"Bộ luật Hình sự 2015, số 100/2015/QH13","Bộ luật Hình sự của Quốc hội, số 100/2015/QH13","Bộ luật Hình sự của Quốc hội, số 100/2015/QH13",Quốc hội,100/2015/QH13,Bộ luật,Nguyễn Sinh Hùng,27/11/2015,Hình sự
68,Luật Tổ chức cơ quan điều tra hình sự 2015,"Luật Tổ chức cơ quan điều tra hình sự của Quốc hội, số 99/2015/QH13","Luật Tổ chức cơ quan điều tra hình sự của Quốc hội, số 99/2015/QH13",Quốc hội,99/2015/QH13,Luật,Nguyễn Sinh Hùng,26/11/2015,"Cơ cấu tổ chức,   Hình sự"
69,Hiệp định tương trợ tư pháp hình sự giữa Việt Nam và Tây Ban Nha,Hiệp định tương trợ tư pháp về hình sự giữa nước Cộng hòa xã hội chủ nghĩa Việt Nam và Vương quốc Tây Ban Nha,Hiệp định tương trợ tư pháp về hình sự giữa nước Cộng hòa xã hội chủ nghĩa Việt Nam và Vương quốc Tây Ban Nha,Chính phủ Cộng hoà xã hội chủ nghĩa Việt Nam; Chính phủ Vương quốc Tây Ban Nha,Không số,Hiệp định,Nguyễn Hòa Bình; Rafael Catalá Polo,18/09/2015,"Ngoại giao,   Hình sự"
70,Công văn 27/TANDTC-KHXX 2014 ấn định thời gian thử thách đối với người hưởng án treo,Công văn 27/TANDTC-KHXX của Tòa án nhân dân tối cao về việc ấn định thời gian thử thách đối với người bị xử phạt tù được hưởng án treo,Công văn 27/TANDTC-KHXX của Tòa án nhân dân tối cao về việc ấn định thời gian thử thách đối với người bị xử phạt tù được hưởng án treo,Toà án nhân dân tối cao,27/TANDTC-KHXX,Công văn,Nguyễn Sơn,17/02/2014,Hình sự
71,"Quyết định 2532/QĐ-BVHTTDL của Bộ Văn hóa, Thể thao và Du lịch về việc ban hành Kế hoạch tổ chức lấy ý kiến đối với dự thảo Bộ luật Hình sự (sửa đổi) của Bộ Văn hóa, Thể thao và Du lịch","Quyết định 2532/QĐ-BVHTTDL của Bộ Văn hóa, Thể thao và Du lịch về việc ban hành Kế hoạch tổ chức lấy ý kiến đối với dự thảo Bộ luật Hình sự (sửa đổi) của Bộ Văn hóa, Thể thao và Du lịch","Quyết định 2532/QĐ-BVHTTDL của Bộ Văn hóa, Thể thao và Du lịch về việc ban hành Kế hoạch tổ chức lấy ý kiến đối với dự thảo Bộ luật Hình sự (sửa đổi) của Bộ Văn hóa, Thể thao và Du lịch","Bộ Văn hóa, Thể thao và Du lịch",2532/QĐ-BVHTTDL,Quyết định,Hoàng Tuấn Anh,29/07/2015,Hình sự
72,Quyết định 2631/QĐ-BGDĐT của Bộ Giáo dục và Đào tạo về việc ban hành Kế hoạch tổ chức lấy ý kiến đối với Dự thảo Bộ luật Hình sự (sửa đổi),Quyết định 2631/QĐ-BGDĐT của Bộ Giáo dục và Đào tạo về việc ban hành Kế hoạch tổ chức lấy ý kiến đối với Dự thảo Bộ luật Hình sự (sửa đổi),Quyết định 2631/QĐ-BGDĐT của Bộ Giáo dục và Đào tạo về việc ban hành Kế hoạch tổ chức lấy ý kiến đối với Dự thảo Bộ luật Hình sự (sửa đổi),Bộ Giáo dục và Đào tạo,2631/QĐ-BGDĐT,Quyết định,Phạm Mạnh Hùng,24/07/2015,Hình sự
73,Quyết định 1076/QĐ-TTg của Thủ tướng Chính phủ về việc ban hành Kế hoạch của Chính phủ về việc tổ chức lấy ý kiến nhân dân đối với dự thảo Bộ luật Hình sự (sửa đổi),Quyết định 1076/QĐ-TTg của Thủ tướng Chính phủ về việc ban hành Kế hoạch của Chính phủ về việc tổ chức lấy ý kiến nhân dân đối với dự thảo Bộ luật Hình sự (sửa đổi),Quyết định 1076/QĐ-TTg của Thủ tướng Chính phủ về việc ban hành Kế hoạch của Chính phủ về việc tổ chức lấy ý kiến nhân dân đối với dự thảo Bộ luật Hình sự (sửa đổi),Thủ tướng Chính phủ,1076/QĐ-TTg,Quyết định,Nguyễn Tấn Dũng,14/07/2015,Hình sự
74,Nghị quyết 972/NQ-UBTVQH13 của Ủy ban Thường vụ Quốc hội về việc tổ chức lấy ý kiến nhân dân đối với dự thảo Bộ luật Hình sự (sửa đổi),Nghị quyết 972/NQ-UBTVQH13 của Ủy ban Thường vụ Quốc hội về việc tổ chức lấy ý kiến nhân dân đối với dự thảo Bộ luật Hình sự (sửa đổi),Nghị quyết 972/NQ-UBTVQH13 của Ủy ban Thường vụ Quốc hội về việc tổ chức lấy ý kiến nhân dân đối với dự thảo Bộ luật Hình sự (sửa đổi),Ủy ban Thường vụ Quốc hội,972/NQ-UBTVQH13,Nghị quyết,Nguyễn Sinh Hùng,13/07/2015,Hình sự
75,Quyết định 590/QĐ-VKSTC-V3 2014 Quy định về lập hồ sơ kiểm sát án hình sự,Quyết định 590/QĐ-VKSTC-V3 của Viện kiểm sát nhân dân tối cao ban hành Quy định về lập hồ sơ kiểm sát án hình sự,Quyết định 590/QĐ-VKSTC-V3 của Viện kiểm sát nhân dân tối cao ban hành Quy định về lập hồ sơ kiểm sát án hình sự,Viện kiểm sát nhân dân tối cao,590/QĐ-VKSTC-V3,Quyết định,Lê Hữu Thể,05/12/2014,"Hình sự,   Tư pháp-Hộ tịch"
76,"Quyết định 421/QĐ-VKSTC của Viện kiểm sát nhân dân tối cao về việc ban hành Quy chế công tác kiểm sát việc khám nghiệm hiện trường, khám nghiệm tử thi, thực nghiệm điều tra việc tiến hành giám định","Quyết định 421/QĐ-VKSTC của Viện kiểm sát nhân dân tối cao về việc ban hành Quy chế công tác kiểm sát việc khám nghiệm hiện trường, khám nghiệm tử thi, thực nghiệm điều tra việc tiến hành giám định","Quyết định 421/QĐ-VKSTC của Viện kiểm sát nhân dân tối cao về việc ban hành Quy chế công tác kiểm sát việc khám nghiệm hiện trường, khám nghiệm tử thi, thực nghiệm điều tra việc tiến hành giám định",Viện kiểm sát nhân dân tối cao,421/QĐ-VKSTC,Quyết định,Bùi Mạnh Cường,17/10/2014,Hình sự
77,"Quyết định 422/QĐ-VKSTC của Viện kiểm sát nhân dân tối cao về việc ban hành Quy chế công tác kiểm sát việc tiếp nhận, giải quyết tố giác, tin báo về tội phạm và kiến nghị khởi tố","Quyết định 422/QĐ-VKSTC của Viện kiểm sát nhân dân tối cao về việc ban hành Quy chế công tác kiểm sát việc tiếp nhận, giải quyết tố giác, tin báo về tội phạm và kiến nghị khởi tố","Quyết định 422/QĐ-VKSTC của Viện kiểm sát nhân dân tối cao về việc ban hành Quy chế công tác kiểm sát việc tiếp nhận, giải quyết tố giác, tin báo về tội phạm và kiến nghị khởi tố",Viện kiểm sát nhân dân tối cao,422/QĐ-VKSTC,Quyết định,Bùi Mạnh Cường,17/10/2014,Hình sự
78,"Nghị quyết 821/NQ-UBTVQH13 của Ủy ban Thường vụ Quốc hội về việc thành lập Đoàn giám sát Tình hình oan, sai trong việc áp dụng pháp luật về hình sự, tố tụng hình sự và việc bồi thường thiệt hại cho người bị oan trong hoạt động tố tụng hình sự theo quy định của pháp luật","Nghị quyết 821/NQ-UBTVQH13 của Ủy ban Thường vụ Quốc hội về việc thành lập Đoàn giám sát ""Tình hình oan, sai trong việc áp dụng pháp luật về hình sự, tố tụng hình sự và việc bồi thường thiệt hại cho người bị oan trong hoạt động tố tụng hình sự theo quy định của pháp luật""","Nghị quyết 821/NQ-UBTVQH13 của Ủy ban Thường vụ Quốc hội về việc thành lập Đoàn giám sát ""Tình hình oan, sai trong việc áp dụng pháp luật về hình sự, tố tụng hình sự và việc bồi thường thiệt hại cho người bị oan trong hoạt động tố tụng hình sự theo quy định của pháp luật""",Ủy ban Thường vụ Quốc hội,821/NQ-UBTVQH13,Nghị quyết,Nguyễn Sinh Hùng,17/10/2014,"Cơ cấu tổ chức,   Hình sự"
79,Quyết định 4740/QĐ-BCA của Bộ Công an về việc đính chính Thông tư 28/2014/TT-BCA ngày 07/07/2014 của Bộ trưởng Bộ Công an quy định về công tác điều tra hình sự trong Công an nhân dân,Quyết định 4740/QĐ-BCA của Bộ Công an về việc đính chính Thông tư 28/2014/TT-BCA ngày 07/07/2014 của Bộ trưởng Bộ Công an quy định về công tác điều tra hình sự trong Công an nhân dân,Quyết định 4740/QĐ-BCA của Bộ Công an về việc đính chính Thông tư 28/2014/TT-BCA ngày 07/07/2014 của Bộ trưởng Bộ Công an quy định về công tác điều tra hình sự trong Công an nhân dân,Bộ Công an,4740/QĐ-BCA,Quyết định,Trần Đại Quang,17/08/2014,Hình sự
80,Thông tư 28/2014/TT-BCA điều tra hình sự trong Công an nhân dân,Thông tư 28/2014/TT-BCA của Bộ Công an quy định về công tác điều tra hình sự trong Công an nhân dân,Thông tư 28/2014/TT-BCA của Bộ Công an quy định về công tác điều tra hình sự trong Công an nhân dân,Bộ Công an,28/2014/TT-BCA,Thông tư,Trần Đại Quang,07/07/2014,Hình sự
81,Hiệp định tương trợ tư pháp về hình sự giữa Việt Nam và Australia,Hiệp định tương trợ tư pháp về hình sự giữa nước Cộng hòa xã hội chủ nghĩa Việt Nam và Ô-xtơ-rây-li-a,Hiệp định tương trợ tư pháp về hình sự giữa nước Cộng hòa xã hội chủ nghĩa Việt Nam và Ô-xtơ-rây-li-a,Chính phủ Austraylia; Chính phủ Cộng hoà xã hội chủ nghĩa Việt Nam,Không số,Hiệp định,Nguyễn Hòa Bình; MICHAEL KEENAN,02/07/2014,"Ngoại giao,   Hình sự"
82,"Thông tư 22/2014/TT-BCA sửa đổi, bổ sung Biểu mẫu về truy nã, đình nã","Thông tư 22/2014/TT-BCA của Bộ Công an về việc sửa đổi, bổ sung Biểu mẫu về truy nã, đình nã ban hành kèm theo Quyết định 789/2007/QĐ-BCA(C11) ngày 12/07/2007 của Bộ trưởng Bộ Công an để sử dụng trong hoạt động tố tụng hình sự và thi hành án hình sự của lực lượng Công an nhân dân","Thông tư 22/2014/TT-BCA của Bộ Công an về việc sửa đổi, bổ sung Biểu mẫu về truy nã, đình nã ban hành kèm theo Quyết định 789/2007/QĐ-BCA(C11) ngày 12/07/2007 của Bộ trưởng Bộ Công an để sử dụng trong hoạt động tố tụng hình sự và thi hành án hình sự của lực lượng Công an nhân dân",Bộ Công an,22/2014/TT-BCA,Thông tư,Trần Đại Quang,03/06/2014,Hình sự
83,Thông báo 23/2014/TB-LPQT của Bộ Ngoại giao về hiệu lực của Hiệp định tương trợ tư pháp về hình sự giữa Cộng hòa xã hội chủ nghĩa Việt Nam và Cộng hòa dân chủ và nhân dân An-giê-ri,Thông báo 23/2014/TB-LPQT của Bộ Ngoại giao về hiệu lực của Hiệp định tương trợ tư pháp về hình sự giữa Cộng hòa xã hội chủ nghĩa Việt Nam và Cộng hòa dân chủ và nhân dân An-giê-ri,Thông báo 23/2014/TB-LPQT của Bộ Ngoại giao về hiệu lực của Hiệp định tương trợ tư pháp về hình sự giữa Cộng hòa xã hội chủ nghĩa Việt Nam và Cộng hòa dân chủ và nhân dân An-giê-ri,Bộ Ngoại giao,23/2014/TB-LPQT,Thông báo,Nguyễn Văn Ngự,31/03/2014,"Ngoại giao, Hình sự"
84,Hiệp định tương trợ tư pháp về hình sự giữa Việt Nam và Hàn Quốc,Hiệp định tương trợ tư pháp về hình sự giữa Cộng hòa xã hội chủ nghĩa Việt Nam và Đại Hàn Dân Quốc,Hiệp định tương trợ tư pháp về hình sự giữa Cộng hòa xã hội chủ nghĩa Việt Nam và Đại Hàn Dân Quốc,Chính phủ Cộng hoà xã hội chủ nghĩa Việt Nam; Chính phủ Đại Hàn Dân Quốc,Không số,Hiệp định,Nguyễn Sinh Hùng; Yrou Young - Kwan,15/09/2003,"Ngoại giao,   Hình sự,   Tư pháp-Hộ tịch"
85,"Quyết định 789/2007/QĐ-BCA của Bộ Công An về việc bổ sung, sửa đổi các biểu mẫu sử dụng trong hoạt động tố tụng hình sự của lực lượng Công an nhân dân ban hành kèm theo Quyết định số 1351/2004/QĐ-BCA(C11) ngày 18/11/2004 của Bộ trưởng Bộ Công an về việc ban hành các biểu mẫu sử dụng trong hoạt động tố tụng hình sự của lực lượng Công an nhân dân","Quyết định 789/2007/QĐ-BCA của Bộ Công An về việc bổ sung, sửa đổi các biểu mẫu sử dụng trong hoạt động tố tụng hình sự của lực lượng Công an nhân dân ban hành kèm theo Quyết định số 1351/2004/QĐ-BCA(C11) ngày 18/11/2004 của Bộ trưởng Bộ Công an về việc ban hành các biểu mẫu sử dụng trong hoạt động tố tụng hình sự của lực lượng Công an nhân dân","Quyết định 789/2007/QĐ-BCA của Bộ Công An về việc bổ sung, sửa đổi các biểu mẫu sử dụng trong hoạt động tố tụng hình sự của lực lượng Công an nhân dân ban hành kèm theo Quyết định số 1351/2004/QĐ-BCA(C11) ngày 18/11/2004 của Bộ trưởng Bộ Công an về việc ban hành các biểu mẫu sử dụng trong hoạt động tố tụng hình sự của lực lượng Công an nhân dân",Bộ Công an,789/2007/QĐ-BCA,Quyết định,Lê Thế Tiệm,12/07/2007,Hình sự
86,Nghị quyết 01/2006/NQ-HĐTP của Hội đồng Thẩm phán Toà án nhân dân tối cao về việc hướng dẫn áp dụng một số quy định của Bộ luật hình sự,Nghị quyết 01/2006/NQ-HĐTP của Hội đồng Thẩm phán Toà án nhân dân tối cao về việc hướng dẫn áp dụng một số quy định của Bộ luật hình sự,Nghị quyết 01/2006/NQ-HĐTP của Hội đồng Thẩm phán Toà án nhân dân tối cao về việc hướng dẫn áp dụng một số quy định của Bộ luật hình sự,Toà án nhân dân tối cao,01/2006/NQ-HĐTP,Nghị quyết,Nguyễn Văn Hiện,12/05/2006,"Hình sự,   Tư pháp-Hộ tịch"
87,Nghị quyết 05/2005/NQ-HĐTP của Hội đồng Thẩm phán về việc hướng dẫn một số quy định trong Phần thứ tư Xét xử phúc thẩm của Bộ luật Tố tụng hình sự,"Nghị quyết 05/2005/NQ-HĐTP của Hội đồng Thẩm phán về việc hướng dẫn một số quy định trong Phần thứ tư ""Xét xử phúc thẩm"" của Bộ luật Tố tụng hình sự","Nghị quyết 05/2005/NQ-HĐTP của Hội đồng Thẩm phán về việc hướng dẫn một số quy định trong Phần thứ tư ""Xét xử phúc thẩm"" của Bộ luật Tố tụng hình sự",Toà án nhân dân tối cao,05/2005/NQ-HĐTP,Nghị quyết,Nguyễn Văn Hiện,08/12/2005,"Hình sự,   Tư pháp-Hộ tịch"
88,Quyết định 1351/2004/QĐ-BCA(C11) của Bộ Công an ban hành các biểu mẫu sử dụng trong hoạt động tố tụng hình sự của lực lượng Công an nhân dân,Quyết định 1351/2004/QĐ-BCA(C11) của Bộ Công an ban hành các biểu mẫu sử dụng trong hoạt động tố tụng hình sự của lực lượng Công an nhân dân,Quyết định 1351/2004/QĐ-BCA(C11) của Bộ Công an ban hành các biểu mẫu sử dụng trong hoạt động tố tụng hình sự của lực lượng Công an nhân dân,Bộ Công an,1351/2004/QĐ-BCA(C11),Quyết định,Lê Hồng Anh,18/11/2004,Hình sự
89,Nghị quyết 04/2004/NQ-HĐTP của Hội đồng Thẩm phán - Toà án nhân dân tối cao về việc hướng dẫn thi hành một số quy định trong Phần thứ ba Xét xử sơ thẩm của Bộ luật Tố tụng hình sự năm 2003,"Nghị quyết 04/2004/NQ-HĐTP của Hội đồng Thẩm phán - Toà án nhân dân tối cao về việc hướng dẫn thi hành một số quy định trong Phần thứ ba ""Xét xử sơ thẩm"" của Bộ luật Tố tụng hình sự năm 2003","Nghị quyết 04/2004/NQ-HĐTP của Hội đồng Thẩm phán - Toà án nhân dân tối cao về việc hướng dẫn thi hành một số quy định trong Phần thứ ba ""Xét xử sơ thẩm"" của Bộ luật Tố tụng hình sự năm 2003",Toà án nhân dân tối cao,04/2004/NQ-HĐTP,Nghị quyết,Nguyễn Văn Hiện,05/11/2004,"Hình sự,   Tư pháp-Hộ tịch"
90,Nghị quyết 03/2004/NQ-HĐTP của Hội đồng Thẩm phán Toà án nhân dân tối cao về việc hướng dẫn thi hành một số quy định trong Phần thứ nhất Những quy định chung của Bộ luật Tố tụng hình sự năm 2003,"Nghị quyết 03/2004/NQ-HĐTP của Hội đồng Thẩm phán Toà án nhân dân tối cao về việc hướng dẫn thi hành một số quy định trong Phần thứ nhất ""Những quy định chung"" của Bộ luật Tố tụng hình sự năm 2003","Nghị quyết 03/2004/NQ-HĐTP của Hội đồng Thẩm phán Toà án nhân dân tối cao về việc hướng dẫn thi hành một số quy định trong Phần thứ nhất ""Những quy định chung"" của Bộ luật Tố tụng hình sự năm 2003",Toà án nhân dân tối cao,03/2004/NQ-HĐTP,Nghị quyết,Nguyễn Văn Hiện,02/10/2004,"Hình sự,   Tư pháp-Hộ tịch"
91,"Thông tư 39/2012/TT-BCA của Bộ Công an quy định việc quản lý, giam giữ người bị kết án tử hình","Thông tư 39/2012/TT-BCA của Bộ Công an quy định việc quản lý, giam giữ người bị kết án tử hình","Thông tư 39/2012/TT-BCA của Bộ Công an quy định việc quản lý, giam giữ người bị kết án tử hình",Bộ Công an,39/2012/TT-BCA,Thông tư,Trần Đại Quang,04/07/2012,Hình sự
92,Nghị định 62/2012/NĐ-CP căn cứ xác định nạn nhân bị mua bán,"Nghị định 62/2012/NĐ-CP của Chính phủ về việc quy định căn cứ xác định nạn nhân bị mua bán và bảo vệ an toàn cho nạn nhân, người thân thích của họ","Nghị định 62/2012/NĐ-CP của Chính phủ về việc quy định căn cứ xác định nạn nhân bị mua bán và bảo vệ an toàn cho nạn nhân, người thân thích của họ",Chính phủ,62/2012/NĐ-CP,Nghị định,Nguyễn Tấn Dũng,13/08/2012,"An ninh trật tự,   Hình sự"
93,"Thông báo 36/2012/TB-LPQT của Bộ Ngoại giao về hiệu lực của Nghị định thư về phòng ngừa, trừng trị, trấn áp tội phạm buôn bán người, đặc biệt là phụ nữ và trẻ em","Thông báo 36/2012/TB-LPQT của Bộ Ngoại giao về hiệu lực của Nghị định thư về phòng ngừa, trừng trị, trấn áp tội phạm buôn bán người, đặc biệt là phụ nữ và trẻ em","Thông báo 36/2012/TB-LPQT của Bộ Ngoại giao về hiệu lực của Nghị định thư về phòng ngừa, trừng trị, trấn áp tội phạm buôn bán người, đặc biệt là phụ nữ và trẻ em",Bộ Ngoại giao,36/2012/TB-LPQT,Thông báo,Nguyễn Thị Thanh Hà,30/07/2012,"Ngoại giao, Hình sự"
94,Công văn 70/TA-TKTH của Tòa án nhân dân tối cao về việc báo cáo số liệu về tình hình xét xử các vụ án hình sự,Công văn 70/TA-TKTH của Tòa án nhân dân tối cao về việc báo cáo số liệu về tình hình xét xử các vụ án hình sự,Công văn 70/TA-TKTH của Tòa án nhân dân tối cao về việc báo cáo số liệu về tình hình xét xử các vụ án hình sự,Toà án nhân dân tối cao,70/TA-TKTH,Công văn,Lê Văn Minh,13/07/2012,Hình sự
95,Nghị định 111/2010/NĐ-CP hướng dẫn Luật Lý lịch tư pháp,Nghị định 111/2010/NĐ-CP của Chính phủ quy định chi tiết và hướng dẫn thi hành một số điều của Luật Lý lịch tư pháp,Nghị định 111/2010/NĐ-CP của Chính phủ quy định chi tiết và hướng dẫn thi hành một số điều của Luật Lý lịch tư pháp,Chính phủ,111/2010/NĐ-CP,Nghị định,Nguyễn Tấn Dũng,23/11/2010,"Hành chính,   Dân sự,   Hình sự,   Tư pháp-Hộ tịch"
96,"Quyết định 1618/QĐ-TTg của Thủ tướng Chính phủ về việc kiện toàn Ban Chỉ đạo thực hiện Chương trình mục tiêu quốc gia phòng, chống tội phạm","Quyết định 1618/QĐ-TTg của Thủ tướng Chính phủ về việc kiện toàn Ban Chỉ đạo thực hiện Chương trình mục tiêu quốc gia phòng, chống tội phạm","Quyết định 1618/QĐ-TTg của Thủ tướng Chính phủ về việc kiện toàn Ban Chỉ đạo thực hiện Chương trình mục tiêu quốc gia phòng, chống tội phạm",Thủ tướng Chính phủ,1618/QĐ-TTg,Quyết định,Nguyễn Tấn Dũng,20/09/2011,"Cơ cấu tổ chức,   Hình sự"
97,Nghị định 82/2011/NĐ-CP thi hành án tử hình bằng hình thức tiêm thuốc độc,Nghị định 82/2011/NĐ-CP của Chính phủ về việc quy định về thi hành án tử hình bằng hình thức tiêm thuốc độc,Nghị định 82/2011/NĐ-CP của Chính phủ về việc quy định về thi hành án tử hình bằng hình thức tiêm thuốc độc,Chính phủ,82/2011/NĐ-CP,Nghị định,Nguyễn Tấn Dũng,16/09/2011,"Chính sách,   Hình sự,   Tư pháp-Hộ tịch"
98,Nghị định 80/2011/NĐ-CP về các biện pháp đảm bảo tái hòa nhập cộng đồng,Nghị định 80/2011/NĐ-CP của Chính phủ về việc quy định các biện pháp đảm bảo tái hòa nhập cộng đồng đối người chấp hành xong án phạt tù,Nghị định 80/2011/NĐ-CP của Chính phủ về việc quy định các biện pháp đảm bảo tái hòa nhập cộng đồng đối người chấp hành xong án phạt tù,Chính phủ,80/2011/NĐ-CP,Nghị định,Nguyễn Tấn Dũng,16/09/2011,"Chính sách,   Hình sự"
99,"Thông tư 63/2011/TT-BCA của Bộ Công an về việc quy định các loại biểu mẫu, sổ sách về công tác thi hành án hình sự","Thông tư 63/2011/TT-BCA của Bộ Công an về việc quy định các loại biểu mẫu, sổ sách về công tác thi hành án hình sự","Thông tư 63/2011/TT-BCA của Bộ Công an về việc quy định các loại biểu mẫu, sổ sách về công tác thi hành án hình sự",Bộ Công an,63/2011/TT-BCA,Thông tư,Trần Đại Quang,07/09/2011,Hình sự
100,"Quyết định 1494/QĐ-TTg của Thủ tướng Chính phủ về việc phê duyệt Hiệp định giữa Chính phủ nước Cộng hòa xã hội chủ nghĩa Việt Nam và Chính phủ nước Cộng hòa  Mô-dăm-bích về hợp tác trong lĩnh vực phòng, chống tội phạm","Quyết định 1494/QĐ-TTg của Thủ tướng Chính phủ về việc phê duyệt Hiệp định giữa Chính phủ nước Cộng hòa xã hội chủ nghĩa Việt Nam và Chính phủ nước Cộng hòa  Mô-dăm-bích về hợp tác trong lĩnh vực phòng, chống tội phạm","Quyết định 1494/QĐ-TTg của Thủ tướng Chính phủ về việc phê duyệt Hiệp định giữa Chính phủ nước Cộng hòa xã hội chủ nghĩa Việt Nam và Chính phủ nước Cộng hòa  Mô-dăm-bích về hợp tác trong lĩnh vực phòng, chống tội phạm",Thủ tướng Chính phủ,1494/QĐ-TTg,Quyết định,Nguyễn Tấn Dũng,01/09/2011,"Ngoại giao,   Hình sự"
101,"Quyết định 1427/QĐ-TTg 2011 Chương trình hành động phòng, chống tội phạm mua bán người giai đoạn 2011 - 2015","Quyết định 1427/QĐ-TTg của Thủ tướng Chính phủ về việc phê duyệt Chương trình hành động phòng, chống tội phạm mua bán người giai đoạn 2011 - 2015","Quyết định 1427/QĐ-TTg của Thủ tướng Chính phủ về việc phê duyệt Chương trình hành động phòng, chống tội phạm mua bán người giai đoạn 2011 - 2015",Thủ tướng Chính phủ,1427/QĐ-TTg,Quyết định,Nguyễn Tấn Dũng,18/08/2011,Hình sự
102,"Công văn 71/TA-TKTH của Tòa án nhân dân tối cao về việc triển khai thi hành Luật Phòng, chống mua bán người","Công văn 71/TA-TKTH của Tòa án nhân dân tối cao về việc triển khai thi hành Luật Phòng, chống mua bán người","Công văn 71/TA-TKTH của Tòa án nhân dân tối cao về việc triển khai thi hành Luật Phòng, chống mua bán người",Toà án nhân dân tối cao,71/TA-TKTH,Công văn,Đặng Quang Phương,10/08/2011,"Hình sự, Tư pháp-Hộ tịch"
103,Thông tư 40/2011/TT-BCA về tiêu chuẩn thi đua chấp hành án phạt tù,Thông tư 40/2011/TT-BCA của Bộ Công an quy định tiêu chuẩn thi đua chấp hành án phạt tù và xếp loại chấp hành án phạt tù cho phạm nhân,Thông tư 40/2011/TT-BCA của Bộ Công an quy định tiêu chuẩn thi đua chấp hành án phạt tù và xếp loại chấp hành án phạt tù cho phạm nhân,Bộ Công an,40/2011/TT-BCA,Thông tư,Lê Hồng Anh,27/06/2011,"An ninh trật tự,   Hình sự"
104,Quyết định 15/QĐ-TTg của Thủ tướng Chính phủ phê duyệt Kế hoạch triển khai thi hành Luật Thi hành án hình sự,Quyết định 15/QĐ-TTg của Thủ tướng Chính phủ phê duyệt Kế hoạch triển khai thi hành Luật Thi hành án hình sự,Quyết định 15/QĐ-TTg của Thủ tướng Chính phủ phê duyệt Kế hoạch triển khai thi hành Luật Thi hành án hình sự,Thủ tướng Chính phủ,15/QĐ-TTg,Quyết định,Nguyễn Tấn Dũng,05/01/2011,Hình sự
105,"Nghị quyết 720/2008/UBTVQH12 của Uỷ ban Thường vụ Quốc hội về việc giao thẩm quyền xét xử các vụ án hình sự quy định tại khoản 1, điều 170 của Bộ luật Tố tụng Hình sự và thẩm quyền giải quyết các vụ án dân sự quy định tại điều 33 của Bộ luật Tố tụng Dân sự cho các Toà án Nhân dân huyện, quận, thị xã, thành phố thuộc tỉnh","Nghị quyết 720/2008/UBTVQH12 của Uỷ ban Thường vụ Quốc hội về việc giao thẩm quyền xét xử các vụ án hình sự quy định tại khoản 1, điều 170 của Bộ luật Tố tụng Hình sự và thẩm quyền giải quyết các vụ án dân sự quy định tại điều 33 của Bộ luật Tố tụng Dân sự cho các Toà án Nhân dân huyện, quận, thị xã, thành phố thuộc tỉnh","Nghị quyết 720/2008/UBTVQH12 của Uỷ ban Thường vụ Quốc hội về việc giao thẩm quyền xét xử các vụ án hình sự quy định tại khoản 1, điều 170 của Bộ luật Tố tụng Hình sự và thẩm quyền giải quyết các vụ án dân sự quy định tại điều 33 của Bộ luật Tố tụng Dân sự cho các Toà án Nhân dân huyện, quận, thị xã, thành phố thuộc tỉnh",Ủy ban Thường vụ Quốc hội,720/2008/UBTVQH12,Nghị quyết,Nguyễn Phú Trọng,25/12/2008,"Dân sự,   Hình sự,   Tư pháp-Hộ tịch"
106,Công văn 4933/VPCP-KTN của Văn phòng Chính phủ về việc xử lý nạn khai thác than trái phép và buôn lậu than,Công văn 4933/VPCP-KTN của Văn phòng Chính phủ về việc xử lý nạn khai thác than trái phép và buôn lậu than,Công văn 4933/VPCP-KTN của Văn phòng Chính phủ về việc xử lý nạn khai thác than trái phép và buôn lậu than,Văn phòng Chính phủ,4933/VPCP-KTN,Công văn,Văn Trọng Lý,22/07/2009,"Công nghiệp, Hình sự"
107,"Công văn 105/TANDTC-KHXX của Tòa án nhân dân tối cao về việc thi hành khoản 2, Điều 1 Nghị quyết 33/2009/QH12 của Quốc hội về việc thi hành Luật sửa đổi, bổ sung một số điều của Bộ luật Hình sự","Công văn 105/TANDTC-KHXX của Tòa án nhân dân tối cao về việc thi hành khoản 2, Điều 1 Nghị quyết 33/2009/QH12 của Quốc hội về việc thi hành Luật sửa đổi, bổ sung một số điều của Bộ luật Hình sự","Công văn 105/TANDTC-KHXX của Tòa án nhân dân tối cao về việc thi hành khoản 2, Điều 1 Nghị quyết 33/2009/QH12 của Quốc hội về việc thi hành Luật sửa đổi, bổ sung một số điều của Bộ luật Hình sự",Toà án nhân dân tối cao,105/TANDTC-KHXX,Công văn,Đặng Quang Phương,17/07/2009,Hình sự
108,Thông tư 41/2009/TT-BCA-V19 của Bộ Công an bổ sung Thông tư số 12/2004/TT-BCA(V19) ngày 23/09/2004 của Bộ trưởng Bộ Công an hướng dẫn thi hành một số quy định của Pháp lệnh tổ chức điều tra hình sự năm 2004 trong Công an nhân dân,Thông tư 41/2009/TT-BCA-V19 của Bộ Công an bổ sung Thông tư số 12/2004/TT-BCA(V19) ngày 23/09/2004 của Bộ trưởng Bộ Công an hướng dẫn thi hành một số quy định của Pháp lệnh tổ chức điều tra hình sự năm 2004 trong Công an nhân dân,Thông tư 41/2009/TT-BCA-V19 của Bộ Công an bổ sung Thông tư số 12/2004/TT-BCA(V19) ngày 23/09/2004 của Bộ trưởng Bộ Công an hướng dẫn thi hành một số quy định của Pháp lệnh tổ chức điều tra hình sự năm 2004 trong Công an nhân dân,Bộ Công an,41/2009/TT-BCA-V19,Thông tư,Lê Hồng Anh,02/07/2009,Hình sự
109,Lệnh công bố Bộ luật Hình sự sửa đổi năm 2009,Lệnh công bố Bộ luật Hình sự sửa đổi năm 2009,Lệnh công bố Bộ luật Hình sự sửa đổi năm 2009,Chủ tịch nước,13/2009/L-CTN,Lệnh,Nguyễn Minh Triết,29/06/2009,Hình sự
110,"Nghị quyết 33/2009/NQ-QH12 của Quốc hội về việc thi hành Luật sửa đổi, bổ sung một số điều của Bộ luật Hình sự","Nghị quyết 33/2009/NQ-QH12 của Quốc hội về việc thi hành Luật sửa đổi, bổ sung một số điều của Bộ luật Hình sự","Nghị quyết 33/2009/NQ-QH12 của Quốc hội về việc thi hành Luật sửa đổi, bổ sung một số điều của Bộ luật Hình sự",Quốc hội,33/2009/NQ-QH12,Nghị quyết,Nguyễn Phú Trọng,29/06/2009,Hình sự
111,"Nghị quyết 33/2009/QH12 thi hành Luật sửa đổi, bổ sung một số điều BLHS","Nghị quyết 33/2009/QH12 của Quốc hội về việc thi hành Luật sửa đổi, bổ sung một số điều của Bộ luật Hình sự","Nghị quyết 33/2009/QH12 của Quốc hội về việc thi hành Luật sửa đổi, bổ sung một số điều của Bộ luật Hình sự",Quốc hội,33/2009/QH12,Nghị quyết,Nguyễn Phú Trọng,19/06/2009,"Hành chính,   Hình sự"
112,"Luật sửa đổi, bổ sung một số điều Bộ Luật hình sự năm 2009","Luật sửa đổi, bổ sung một số điều của Bộ luật Hình sự, số 37/2009/QH12 của Quốc hội","Luật sửa đổi, bổ sung một số điều của Bộ luật Hình sự, số 37/2009/QH12 của Quốc hội",Quốc hội,37/2009/QH12,Luật,Nguyễn Phú Trọng,19/06/2009,Hình sự
113,"Quyết định 2997/QĐ-UBND của Ủy ban Nhân dân Thành phố Hà Nội ban hành Quy chế hoạt động của Ban chỉ đạo Chương trình hành động phòng, chống tội phạm buôn bán phụ nữ, trẻ em Thành phố Hà Nội","Quyết định 2997/QĐ-UBND của Ủy ban Nhân dân Thành phố Hà Nội ban hành Quy chế hoạt động của Ban chỉ đạo Chương trình hành động phòng, chống tội phạm buôn bán phụ nữ, trẻ em Thành phố Hà Nội","Quyết định 2997/QĐ-UBND của Ủy ban Nhân dân Thành phố Hà Nội ban hành Quy chế hoạt động của Ban chỉ đạo Chương trình hành động phòng, chống tội phạm buôn bán phụ nữ, trẻ em Thành phố Hà Nội",Ủy ban nhân dân TP. Hà Nội,2997/QĐ-UBND,Quyết định,Đào Văn Bình,17/06/2009,Hình sự
114,"Báo cáo 247/BC-UBTVQH12 của Uỷ ban Thường vụ Quốc hội về việc giải trình tiếp thu, chỉnh lý dự thảo Luật sửa đổi, bổ sung một số điều của Bộ luật Hình sự","Báo cáo 247/BC-UBTVQH12 của Uỷ ban Thường vụ Quốc hội về việc giải trình tiếp thu, chỉnh lý dự thảo Luật sửa đổi, bổ sung một số điều của Bộ luật Hình sự","Báo cáo 247/BC-UBTVQH12 của Uỷ ban Thường vụ Quốc hội về việc giải trình tiếp thu, chỉnh lý dự thảo Luật sửa đổi, bổ sung một số điều của Bộ luật Hình sự",Ủy ban Thường vụ Quốc hội,247/BC-UBTVQH12,Báo cáo,Uông Chu Lưu,17/06/2009,Hình sự
115,Quyết định 2645/QĐ-UBND của Ủy ban Nhân dân Thành phố Hồ Chí Minh về bổ nhiệm giám định viên tư pháp thuộc Phòng Kỹ thuật hình sự công an Thành phố,Quyết định 2645/QĐ-UBND của Ủy ban Nhân dân Thành phố Hồ Chí Minh về bổ nhiệm giám định viên tư pháp thuộc Phòng Kỹ thuật hình sự công an Thành phố,Quyết định 2645/QĐ-UBND của Ủy ban Nhân dân Thành phố Hồ Chí Minh về bổ nhiệm giám định viên tư pháp thuộc Phòng Kỹ thuật hình sự công an Thành phố,Ủy ban nhân dân TP. HCM,2645/QĐ-UBND,Quyết định,Nguyễn Thành Tài,29/05/2009,"Cơ cấu tổ chức, Hình sự"
116,"Báo cáo 251/BC-UBTVQH12 của Uỷ ban Thường vụ Quốc hội về việc báo cáo giải trình tiếp thu, chỉnh lý dự thảo Luật sửa đổi, bổ sung một số điều của Bộ luật Hình sự","Báo cáo 251/BC-UBTVQH12 của Uỷ ban Thường vụ Quốc hội về việc báo cáo giải trình tiếp thu, chỉnh lý dự thảo Luật sửa đổi, bổ sung một số điều của Bộ luật Hình sự","Báo cáo 251/BC-UBTVQH12 của Uỷ ban Thường vụ Quốc hội về việc báo cáo giải trình tiếp thu, chỉnh lý dự thảo Luật sửa đổi, bổ sung một số điều của Bộ luật Hình sự",Ủy ban Thường vụ Quốc hội,251/BC-UBTVQH12,Báo cáo,Uông Chu Lưu,23/04/2009,"Hành chính, Hình sự"
117,Công văn 1611/TCHQ-GSQL của Tổng cục Hải quan về việc xác định mã số và thuế suất mặt hàng môtơ điện dạng ống,Công văn 1611/TCHQ-GSQL của Tổng cục Hải quan về việc xác định mã số và thuế suất mặt hàng môtơ điện dạng ống,Công văn 1611/TCHQ-GSQL của Tổng cục Hải quan về việc xác định mã số và thuế suất mặt hàng môtơ điện dạng ống,Tổng cục Hải quan,1611/TCHQ-GSQL,Công văn,Nguyễn Văn Cẩn,25/03/2009,"Hải quan, Hình sự"
118,"Pháp lệnh 09/2009/PL-UBTVQH12 sửa đổi, bổ sung Pháp lệnh Tổ chức điều tra hình sự","Pháp lệnh 09/2009/PL-UBTVQH12 của Ủy ban Thường vụ Quốc hội về việc sửa đổi, bổ sung một số điều của Pháp lệnh Tổ chức điều tra hình sự","Pháp lệnh 09/2009/PL-UBTVQH12 của Ủy ban Thường vụ Quốc hội về việc sửa đổi, bổ sung một số điều của Pháp lệnh Tổ chức điều tra hình sự",Ủy ban Thường vụ Quốc hội,09/2009/PL-UBTVQH12,Pháp lệnh,Nguyễn Phú Trọng,27/02/2009,Hình sự
119,"Pháp lệnh 01/2022/UBTVQH15 trình tự, thủ tục đưa người nghiện ma túy từ đủ 12 đến dưới 18 tuổi vào cơ sở cai nghiện bắt buộc","Pháp lệnh 01/2022/UBTVQH15 của Ủy ban Thường vụ Quốc hội về trình tự, thủ tục Tòa án nhân dân xem xét, quyết định việc đưa người nghiện ma túy từ đủ 12 tuổi đến dưới 18 tuổi vào cơ sở cai nghiện bắt buộc","Pháp lệnh 01/2022/UBTVQH15 của Ủy ban Thường vụ Quốc hội về trình tự, thủ tục Tòa án nhân dân xem xét, quyết định việc đưa người nghiện ma túy từ đủ 12 tuổi đến dưới 18 tuổi vào cơ sở cai nghiện bắt buộc",Ủy ban Thường vụ Quốc hội,01/2022/UBTVQH15,Pháp lệnh,Vương Đình Huệ,24/03/2022,"Hình sự,   Tư pháp-Hộ tịch"
120,"Hướng dẫn 23/HD-VKSTC 2022 kiểm sát việc hoãn, tạm đình chỉ chấp hành án phạt tù","Hướng dẫn 23/HD-VKSTC của Viện kiểm sát nhân dân tối cao về việc kiểm sát việc hoãn, tạm đình chỉ chấp hành án phạt tù","Hướng dẫn 23/HD-VKSTC của Viện kiểm sát nhân dân tối cao về việc kiểm sát việc hoãn, tạm đình chỉ chấp hành án phạt tù",Viện kiểm sát nhân dân tối cao,23/HD-VKSTC,Hướng dẫn,Lương Minh Thống,31/03/2022,"Hình sự, Tư pháp-Hộ tịch"
121,Công văn 892/UBND-NC Hà Nội 2022 quy định về thi hành án hình sự và tái hòa nhập cộng đồng,Công văn 892/UBND-NC của Ủy ban nhân dân Thành phố Hà Nội về việc thực hiện các quy định của pháp luật về thi hành án hình sự và tái hòa nhập cộng đồng,Công văn 892/UBND-NC của Ủy ban nhân dân Thành phố Hà Nội về việc thực hiện các quy định của pháp luật về thi hành án hình sự và tái hòa nhập cộng đồng,Ủy ban nhân dân TP. Hà Nội,892/UBND-NC,Công văn,Lê Hồng Sơn,28/03/2022,"Hình sự, Tư pháp-Hộ tịch"
122,Lệnh 02/2022/L-CTN về việc công bố Pháp lệnh,Lệnh 02/2022/L-CTN của Chủ tịch nước về việc công bố Pháp lệnh,Lệnh 02/2022/L-CTN của Chủ tịch nước về việc công bố Pháp lệnh,Chủ tịch nước,02/2022/L-CTN,Lệnh,Nguyễn Xuân Phúc,28/03/2022,"Hình sự,   Tư pháp-Hộ tịch"
123,"Quyết định 4439/QĐ-UBND Hà Nội Công tác thu hồi tài sản trong thi hành án và tham nhũng, kinh tế","Quyết định 4439/QĐ-UBND của Ủy ban nhân dân Thành phố Hà Nội về việc ban hành Chuyên đề số 15 ""Công tác thu hồi tài sản trong công tác thi hành án nói chung và trong các vụ án hình sự về tham nhũng, kinh tế nói riêng""","Quyết định 4439/QĐ-UBND của Ủy ban nhân dân Thành phố Hà Nội về việc ban hành Chuyên đề số 15 ""Công tác thu hồi tài sản trong công tác thi hành án nói chung và trong các vụ án hình sự về tham nhũng, kinh tế nói riêng""",Ủy ban nhân dân TP. Hà Nội,4439/QĐ-UBND,Quyết định,Lê Hồng Sơn,14/10/2021,"Tài chính-Ngân hàng, Tiết kiệm-Phòng, chống tham nhũng, lãng phí, Hình sự"
124,"Luật sửa đổi, bổ sung Bộ luật Tố tụng hình sự 2021","Luật sửa đổi, bổ sung một số điều của Bộ luật Tố tụng hình sự, số 02/2021/QH15","Luật sửa đổi, bổ sung một số điều của Bộ luật Tố tụng hình sự, số 02/2021/QH15",Quốc hội,02/2021/QH15,Luật,Vương Đình Huệ,12/11/2021,Hình sự
125,Kế hoạch 44-KH/TU Hà Nội 2021 thực hiện Chỉ thị 44-CT/TW tăng cường sự lãnh đạo của Đảng về thu hồi tài sản vụ án hình sự về tham nhũng,"Kế hoạch 44-KH/TU của Thành ủy Hà Nội về việc thực hiện Chỉ thị 44-CT/TW ngày 02/6/2021 của Ban Bí thư về ""Tăng cường sự lãnh đạo của Đảng đối với công tác thu hồi tài sản bị thất thoát, chiếm đoạt trong các vụ án hình sự về tham nhũng, kinh tế"" trên địa bàn Thành phố","Kế hoạch 44-KH/TU của Thành ủy Hà Nội về việc thực hiện Chỉ thị 44-CT/TW ngày 02/6/2021 của Ban Bí thư về ""Tăng cường sự lãnh đạo của Đảng đối với công tác thu hồi tài sản bị thất thoát, chiếm đoạt trong các vụ án hình sự về tham nhũng, kinh tế"" trên địa bàn Thành phố",Thành ủy Hà Nội,44-KH/TU,Kế hoạch,Nguyễn Thị Tuyến,26/10/2021,"Tiết kiệm-Phòng, chống tham nhũng, lãng phí, Hình sự"
126,Quyết định 17/QĐ-VKSTC Biểu mẫu thống kê giám định tư pháp trong tố tụng hình sự,Quyết định 17/QĐ-VKSTC của Viện kiểm sát nhân dân tối cao về việc ban hành Biểu mẫu thống kê giám định tư pháp trong tố tụng hình sự,Quyết định 17/QĐ-VKSTC của Viện kiểm sát nhân dân tối cao về việc ban hành Biểu mẫu thống kê giám định tư pháp trong tố tụng hình sự,Viện kiểm sát nhân dân tối cao,17/QĐ-VKSTC,Quyết định,Nguyễn Duy Giảng,05/01/2021,"Hình sự,   Tư pháp-Hộ tịch"
127,Kế hoạch 101/KH-UBND Hà Nội triển khai các biện pháp phòng ngừa tội phạm giết người,"Kế hoạch 101/KH-UBND của Ủy ban nhân dân Thành phố Hà Nội về việc triển khai thực hiện Công văn 1676/TTg-NC ngày 30/11/2020 của Thủ tướng Chính phủ về ""Tăng cường các biện pháp phòng ngừa tội phạm giết người"" trên địa bàn Thành phố Hà Nội","Kế hoạch 101/KH-UBND của Ủy ban nhân dân Thành phố Hà Nội về việc triển khai thực hiện Công văn 1676/TTg-NC ngày 30/11/2020 của Thủ tướng Chính phủ về ""Tăng cường các biện pháp phòng ngừa tội phạm giết người"" trên địa bàn Thành phố Hà Nội",Ủy ban nhân dân TP. Hà Nội,101/KH-UBND,Kế hoạch,Lê Hồng Sơn,14/04/2021,"An ninh trật tự, Hình sự"
128,Kế hoạch 62/KH-UBND Hà Nội thực hiện Nghị định 133/2020/NĐ-CP,Kế hoạch 62/KH-UBND của Ủy ban nhân dân Thành phố Hà Nội về việc thực hiện Nghị định 133/2020/NĐ-CP của Chính phủ quy định chi tiết thi hành một số điều của Luật Thi hành án hình sự,Kế hoạch 62/KH-UBND của Ủy ban nhân dân Thành phố Hà Nội về việc thực hiện Nghị định 133/2020/NĐ-CP của Chính phủ quy định chi tiết thi hành một số điều của Luật Thi hành án hình sự,Ủy ban nhân dân TP. Hà Nội,62/KH-UBND,Kế hoạch,Lê Hồng Sơn,12/03/2021,Hình sự
129,Quyết định 379/QĐ-BCA-C10 thực hiện Nghị định 133/2020 trong Công an nhân dân,Quyết định 379/QĐ-BCA-C10 của Bộ Công an về việc ban hành Kế hoạch triển khai thực hiện Nghị định 133/2020/NĐ-CP ngày 09/11/2020 của Chính phủ quy định chi tiết thi hành một số điều của Luật Thi hành án hình sự trong Công an nhân dân,Quyết định 379/QĐ-BCA-C10 của Bộ Công an về việc ban hành Kế hoạch triển khai thực hiện Nghị định 133/2020/NĐ-CP ngày 09/11/2020 của Chính phủ quy định chi tiết thi hành một số điều của Luật Thi hành án hình sự trong Công an nhân dân,Bộ Công an,379/QĐ-BCA-C10,Quyết định,Lê Quốc Hùng,18/01/2021,Hình sự
130,Quyết định 74/QĐ-UBND Bắc Giang 2021 thành lập Hội đồng định giá tài sản thường xuyên trong tố tụng hình sự,Quyết định 74/QĐ-UBND của Ủy ban nhân dân tỉnh Bắc Giang về việc thành lập Hội đồng định giá tài sản thường xuyên trong tố tụng hình sự cấp tỉnh,Quyết định 74/QĐ-UBND của Ủy ban nhân dân tỉnh Bắc Giang về việc thành lập Hội đồng định giá tài sản thường xuyên trong tố tụng hình sự cấp tỉnh,Ủy ban nhân dân tỉnh Bắc Giang,74/QĐ-UBND,Quyết định,Phan Thế Tuấn,13/01/2021,"Cơ cấu tổ chức, Hình sự"
131,Công văn 04/TANDTC-TH tăng cường các biện pháp phòng ngừa tội phạm giết người,Công văn 04/TANDTC-TH của Tòa án nhân dân tối cao về việc phối hợp tăng cường các biện pháp phòng ngừa tội phạm giết người,Công văn 04/TANDTC-TH của Tòa án nhân dân tối cao về việc phối hợp tăng cường các biện pháp phòng ngừa tội phạm giết người,Toà án nhân dân tối cao,04/TANDTC-TH,Công văn,Nguyễn Trí Tuệ,08/01/2021,"An ninh trật tự, Hình sự, Tư pháp-Hộ tịch"
132,Hướng dẫn 02/HD-VKSTC 2021 thống kê giám định tư pháp trong tố tụng hình sự,Hướng dẫn 02/HD-VKSTC của Viện kiểm sát nhân dân tối cao về thống kê giám định tư pháp trong tố tụng hình sự,Hướng dẫn 02/HD-VKSTC của Viện kiểm sát nhân dân tối cao về thống kê giám định tư pháp trong tố tụng hình sự,Viện kiểm sát nhân dân tối cao,02/HD-VKSTC,Hướng dẫn,Trần Văn Trung,06/01/2021,"Hình sự, Tư pháp-Hộ tịch"
133,"Hướng dẫn 03/HD-VKSTC kiểm sát việc tạm giữ, tạm giam và thi hành án hình sự 2021","Hướng dẫn 03/HD-VKSTC của Viện kiểm sát nhân dân tối cao về công tác kiểm sát việc tạm giữ, tạm giam và thi hành án hình sự năm 2021","Hướng dẫn 03/HD-VKSTC của Viện kiểm sát nhân dân tối cao về công tác kiểm sát việc tạm giữ, tạm giam và thi hành án hình sự năm 2021",Viện kiểm sát nhân dân tối cao,03/HD-VKSTC,Hướng dẫn,Lương Minh Thống,06/01/2021,"Hình sự, Tư pháp-Hộ tịch"
134,Thông tư 556/TTg của Thủ tướng Chính phủ bổ khuyết Thông tư số 442/TTg ngày 19/1/1955 về việc trừng trị một số tội phạm,Thông tư 556/TTg của Thủ tướng Chính phủ bổ khuyết Thông tư số 442/TTg ngày 19/1/1955 về việc trừng trị một số tội phạm,Thông tư 556/TTg của Thủ tướng Chính phủ bổ khuyết Thông tư số 442/TTg ngày 19/1/1955 về việc trừng trị một số tội phạm,Thủ tướng Chính phủ,556/TTg,Thông tư,Phạm Văn Đồng,29/06/1955,Hình sự
135,Nghị quyết hướng dẫn việc áp dụng Điều 44 Bộ luật Hình sự,Nghị quyết hướng dẫn việc áp dụng Điều 44 Bộ luật Hình sự,Nghị quyết hướng dẫn việc áp dụng Điều 44 Bộ luật Hình sự,Hội đồng Thẩm phán Toà án nhân dân tối cao,01-HĐTP,Nghị quyết,Phạm Hưng,18/10/1990,Hình sự
136,Công ước về chống buôn bán các chất ma túy và chất hướng thần năm 1988,Công ước về chống buôn bán bất hợp pháp các chất ma túy và chất hướng thần năm 1988,Công ước về chống buôn bán bất hợp pháp các chất ma túy và chất hướng thần năm 1988,Đang cập nhật,Không số,Công ước,Đang cập nhật,19/12/1988,"Ngoại giao,   Hình sự"
137,Nghị quyết 04-HĐTPTANDTC/NQ hướng dẫn quy định phần các tội phạm Bộ luật Hình sự,Nghị quyết 04-HĐTPTANDTC/NQ của Tòa án nhân dân tối cao về việc hướng dẫn áp dụng một số quy định trong phần các tội phạm của Bộ luật Hình sự,Nghị quyết 04-HĐTPTANDTC/NQ của Tòa án nhân dân tối cao về việc hướng dẫn áp dụng một số quy định trong phần các tội phạm của Bộ luật Hình sự,Toà án nhân dân tối cao,04-HĐTPTANDTC/NQ,Nghị quyết,Phạm Hưng,29/11/1986,Hình sự
138,"Nghị quyết 746-QĐ/HĐNN7 1986 tha, giảm hạn tù nhân dịp Lễ Quốc khánh 02/9","Nghị quyết 746-QĐ/HĐNN7 của Hội đồng Nhà nước về việc tha, giảm hạn tù nhân dịp Lễ Quốc khánh 02/9/1986","Nghị quyết 746-QĐ/HĐNN7 của Hội đồng Nhà nước về việc tha, giảm hạn tù nhân dịp Lễ Quốc khánh 02/9/1986",Hội đồng Nhà nước,746-QĐ/HĐNN7,Nghị quyết,Trường Chinh,28/08/1986,Hình sự
139,Nghị quyết 02-HĐTP-TANDTC/QĐ 1986 hướng dẫn áp dụng một số quy định của Bộ Luật Hình sự,Nghị quyết 02-HĐTP-TANDTC/QĐ của Hội đồng Thẩm phán Toà án nhân dân tối cao về việc hướng dẫn áp dụng một số quy định của Bộ Luật Hình sự,Nghị quyết 02-HĐTP-TANDTC/QĐ của Hội đồng Thẩm phán Toà án nhân dân tối cao về việc hướng dẫn áp dụng một số quy định của Bộ Luật Hình sự,Hội đồng Thẩm phán Toà án nhân dân tối cao,02-HĐTP-TANDTC/QĐ,Nghị quyết,Phạm Hưng,05/01/1986,Hình sự
140,Luật hình sự 1985 - Luật số 17-LCT/HĐNN7,Bộ luật Hình sự,Bộ luật Hình sự,Quốc hội,17-LCT/HĐNN7,Bộ luật,Trường Chinh,27/06/1985,Hình sự
141,Công ước các hành vi phạm tội thực hiện trên tàu bay,Công ước về các hành vi phạm tội và một số hành vi khác thực hiện trên tàu bay,Công ước về các hành vi phạm tội và một số hành vi khác thực hiện trên tàu bay,Đang cập nhật,Không số,Công ước,Đang cập nhật,14/09/1963,Hình sự
142,Hướng dẫn 09/HD-VKSTC 2020 thực hành quyền công tố và kiểm sát xét xử hình sự năm 2020,Hướng dẫn 09/HD-VKSTC của Viện kiểm sát nhân dân tối cao về công tác thực hành quyền công tố và kiểm sát xét xử hình sự năm 2020,Hướng dẫn 09/HD-VKSTC của Viện kiểm sát nhân dân tối cao về công tác thực hành quyền công tố và kiểm sát xét xử hình sự năm 2020,Viện kiểm sát nhân dân tối cao,09/HD-VKSTC,Hướng dẫn,Hồ Đức Anh,06/01/2020,"Hình sự, Tư pháp-Hộ tịch"
143,Nghị định 60/2020/NĐ-CP sửa đổi Danh mục các chất ma túy và tiền chất theo Nghị định 73/2018,"Nghị định 60/2020/NĐ-CP của Chính phủ về việc sửa đổi, bổ sung Danh mục các chất ma túy và tiền chất ban hành kèm theo Nghị định 73/2018/NĐ-CP ngày 15/5/2018 của Chính phủ quy định các danh mục chất ma túy và tiền chất","Nghị định 60/2020/NĐ-CP của Chính phủ về việc sửa đổi, bổ sung Danh mục các chất ma túy và tiền chất ban hành kèm theo Nghị định 73/2018/NĐ-CP ngày 15/5/2018 của Chính phủ quy định các danh mục chất ma túy và tiền chất",Chính phủ,60/2020/NĐ-CP,Nghị định,Nguyễn Xuân Phúc,29/05/2020,"An ninh trật tự,   Hình sự"
144,Nghị định 59/2020/NĐ-CP về cơ sở dữ liệu về thi hành án hình sự,Nghị định 59/2020/NĐ-CP của Chính phủ về việc quy định cơ sở dữ liệu về thi hành án hình sự,Nghị định 59/2020/NĐ-CP của Chính phủ về việc quy định cơ sở dữ liệu về thi hành án hình sự,Chính phủ,59/2020/NĐ-CP,Nghị định,Nguyễn Xuân Phúc,27/05/2020,Hình sự
145,Thông báo 189/TB-VPCP năm 2020 kết luận về công tác chống buôn lậu và hàng giả,"Thông báo 189/TB-VPCP của Văn phòng Chính phủ về kết luận của Phó Thủ tướng Thường trực Trương Hòa Bình tại buổi làm việc với Ban Chỉ đạo 389 Thành phố Hà Nội về công tác chống buôn lậu, gian lận thương mại và hàng giả","Thông báo 189/TB-VPCP của Văn phòng Chính phủ về kết luận của Phó Thủ tướng Thường trực Trương Hòa Bình tại buổi làm việc với Ban Chỉ đạo 389 Thành phố Hà Nội về công tác chống buôn lậu, gian lận thương mại và hàng giả",Văn phòng Chính phủ,189/TB-VPCP,Thông báo,Cao Huy,27/05/2020,"Thương mại-Quảng cáo, Hình sự"
146,"Chỉ thị 21/CT-TTg 2020 tăng cường phòng ngừa, xử lý hoạt động lừa đảo chiếm đoạt tài sản","Chỉ thị 21/CT-TTg của Thủ tướng Chính phủ về việc tăng cường phòng ngừa, xử lý hoạt động lừa đảo chiếm đoạt tài sản","Chỉ thị 21/CT-TTg của Thủ tướng Chính phủ về việc tăng cường phòng ngừa, xử lý hoạt động lừa đảo chiếm đoạt tài sản",Thủ tướng Chính phủ,21/CT-TTg,Chỉ thị,Nguyễn Xuân Phúc,25/05/2020,"Dân sự,   Hình sự"
147,Nghị định 55/2020/NĐ-CP hướng dẫn Luật Thi hành án hình sự đối với pháp nhân thương mại,Nghị định 55/2020/NĐ-CP của Chính phủ về việc quy định chi tiết một số điều của Luật Thi hành án hình sự về thi hành án đối với pháp nhân thương mại,Nghị định 55/2020/NĐ-CP của Chính phủ về việc quy định chi tiết một số điều của Luật Thi hành án hình sự về thi hành án đối với pháp nhân thương mại,Chính phủ,55/2020/NĐ-CP,Nghị định,Nguyễn Xuân Phúc,22/05/2020,"Thương mại-Quảng cáo,   Hình sự"
148,Chỉ thị 05/CT-VKSTC tăng cường trách nhiệm công tố trong giải quyết các vụ án hình sự,"Chỉ thị 05/CT-VKSTC của Viện kiểm sát nhân dân tối cao về việc tăng cường trách nhiệm công tố trong giải quyết các vụ án hình sự, đáp ứng yêu cầu đấu tranh phòng chống tội phạm","Chỉ thị 05/CT-VKSTC của Viện kiểm sát nhân dân tối cao về việc tăng cường trách nhiệm công tố trong giải quyết các vụ án hình sự, đáp ứng yêu cầu đấu tranh phòng chống tội phạm",Viện kiểm sát nhân dân tối cao,05/CT-VKSTC,Chỉ thị,Lê Minh Trí,27/04/2020,Hình sự
149,Nghị định 49/2020/NĐ-CP hướng dẫn Luật Thi hành án Hình sự về tái hòa nhập cộng đồng,Nghị định 49/2020/NĐ-CP của Chính phủ quy định chi tiết thi hành Luật Thi hành án Hình sự về tái hòa nhập cộng đồng,Nghị định 49/2020/NĐ-CP của Chính phủ quy định chi tiết thi hành Luật Thi hành án Hình sự về tái hòa nhập cộng đồng,Chính phủ,49/2020/NĐ-CP,Nghị định,Nguyễn Xuân Phúc,17/04/2020,Hình sự
150,Nghị định 43/2020/NĐ-CP thi hành án tử hình bằng hình thức tiêm thuốc độc,Nghị định 43/2020/NĐ-CP của Chính phủ quy định về thi hành án tử hình bằng hình thức tiêm thuốc độc,Nghị định 43/2020/NĐ-CP của Chính phủ quy định về thi hành án tử hình bằng hình thức tiêm thuốc độc,Chính phủ,43/2020/NĐ-CP,Nghị định,Nguyễn Xuân Phúc,08/04/2020,"Hình sự,   Tư pháp-Hộ tịch"
151,"Công văn 1359/VKSTC-V8 kiểm sát tại các trại giam, trại tạm giam trong thời gian dịch Covid","Công văn 1359/VKSTC-V8 của Viện kiểm sát nhân dân tối cao về việc thực hiện nhiệm vụ kiểm sát tại các trại giam, trại tạm giam, nhà tạm giữ trong thời gian phòng, chống dịch Covid-19","Công văn 1359/VKSTC-V8 của Viện kiểm sát nhân dân tối cao về việc thực hiện nhiệm vụ kiểm sát tại các trại giam, trại tạm giam, nhà tạm giữ trong thời gian phòng, chống dịch Covid-19",Viện kiểm sát nhân dân tối cao,1359/VKSTC-V8,Công văn,Lương Minh Thống,01/04/2020,"Hình sự, Tư pháp-Hộ tịch, COVID-19"
152,"Công văn 45/TANDTC-PC 2020 xét xử tội phạm liên quan đến phòng, chống dịch Covid-19","Công văn 45/TANDTC-PC của Tòa án nhân dân tối cao về việc xét xử tội phạm liên quan đến phòng, chống dịch Covid-19","Công văn 45/TANDTC-PC của Tòa án nhân dân tối cao về việc xét xử tội phạm liên quan đến phòng, chống dịch Covid-19",Toà án nhân dân tối cao,45/TANDTC-PC,Công văn,Nguyễn Hòa Bình,30/03/2020,"Y tế-Sức khỏe, Hình sự, COVID-19"
153,Thông tư 17/2020/TT-BCA ban hành nội quy cơ sở giam giữ phạm nhân,Thông tư 17/2020/TT-BCA của Bộ Công an ban hành nội quy cơ sở giam giữ phạm nhân,Thông tư 17/2020/TT-BCA của Bộ Công an ban hành nội quy cơ sở giam giữ phạm nhân,Bộ Công an,17/2020/TT-BCA,Thông tư,Tô Lâm,18/02/2020,Hình sự
154,"Thông tư 14/2020/TT-BCA hướng dẫn chế độ gặp, nhận quà và liên lạc của phạm nhân","Thông tư 14/2020/TT-BCA của Bộ Công an về việc quy định chi tiết chế độ gặp, nhận quà và liên lạc của phạm nhân","Thông tư 14/2020/TT-BCA của Bộ Công an về việc quy định chi tiết chế độ gặp, nhận quà và liên lạc của phạm nhân",Bộ Công an,14/2020/TT-BCA,Thông tư,Tô Lâm,10/02/2020,Hình sự
155,Quyết định 1041/QĐ-TTg 2019 kế hoạch triển khai Luật Thi hành án hình sự năm 2019,Quyết định 1041/QĐ-TTg của Thủ tướng Chính phủ về việc ban hành Kế hoạch triển khai thi hành Luật Thi hành án hình sự năm 2019,Quyết định 1041/QĐ-TTg của Thủ tướng Chính phủ về việc ban hành Kế hoạch triển khai thi hành Luật Thi hành án hình sự năm 2019,Thủ tướng Chính phủ,1041/QĐ-TTg,Quyết định,Nguyễn Xuân Phúc,19/08/2019,Hình sự
156,Quyết định 6606/QĐ-UBND Hà Nội 2019 kế hoạch triển khai thi hành Luật Thi hành án hình sự,Quyết định 6606/QĐ-UBND của Ủy ban nhân dân Thành phố Hà Nội về việc ban hành Kế hoạch triển khai thi hành Luật Thi hành án hình sự năm 2019,Quyết định 6606/QĐ-UBND của Ủy ban nhân dân Thành phố Hà Nội về việc ban hành Kế hoạch triển khai thi hành Luật Thi hành án hình sự năm 2019,Ủy ban nhân dân TP. Hà Nội,6606/QĐ-UBND,Quyết định,Lê Hồng Sơn,14/11/2019,Hình sự
157,Công văn 9827/VPCP-CN 2019 hướng dẫn Bộ luật Hình sự về vi phạm trật tự an toàn giao thông,Công văn 9827/VPCP-CN của Văn phòng Chính phủ về việc hướng dẫn một số quy định của Bộ luật Hình sự về hành vi vi phạm trật tự an toàn giao thông,Công văn 9827/VPCP-CN của Văn phòng Chính phủ về việc hướng dẫn một số quy định của Bộ luật Hình sự về hành vi vi phạm trật tự an toàn giao thông,Văn phòng Chính phủ,9827/VPCP-CN,Công văn,Nguyễn Cao Lục,29/10/2019,"Giao thông, Hình sự"
158,Nghị quyết 07/2019/NQ-HĐTP hướng dẫn áp dụng Điều 299 và Điều 300 Bộ luật Hình sự,Nghị quyết 07/2019/NQ-HĐTP của Hội đồng thẩm phán Tòa án nhân dân tối cao về việc hướng dẫn áp dụng một số quy định tại Điều 299 và Điều 300 của Bộ luật Hình sự,Nghị quyết 07/2019/NQ-HĐTP của Hội đồng thẩm phán Tòa án nhân dân tối cao về việc hướng dẫn áp dụng một số quy định tại Điều 299 và Điều 300 của Bộ luật Hình sự,Hội đồng Thẩm phán Toà án nhân dân tối cao,07/2019/NQ-HĐTP,Nghị quyết,Nguyễn Hòa Bình,25/10/2019,Hình sự
159,Thông tư 46/2019/TT-BCA trách nhiệm công an thực hiện quy định Bộ luật Tố tụng hình sự,"Thông tư 46/2019/TT-BCA của Bộ Công an về việc quy định trách nhiệm của lực lượng công an nhân dân trong việc thực hiện các quy định của Bộ luật Tố tụng hình sự năm 2015 liên quan đến bảo đảm quyền bào chữa của người bị giữ trong trường hợp khẩn cấp, người bị bắt trong trường hợp phạm tội quả tang hoặc theo quyết định truy nã, người bị tạm giữ, bị can; bảo vệ quyền và lợi ích hợp pháp của bị hại, đương sự, người bị tố giác, người bị kiến nghị khởi tố","Thông tư 46/2019/TT-BCA của Bộ Công an về việc quy định trách nhiệm của lực lượng công an nhân dân trong việc thực hiện các quy định của Bộ luật Tố tụng hình sự năm 2015 liên quan đến bảo đảm quyền bào chữa của người bị giữ trong trường hợp khẩn cấp, người bị bắt trong trường hợp phạm tội quả tang hoặc theo quyết định truy nã, người bị tạm giữ, bị can; bảo vệ quyền và lợi ích hợp pháp của bị hại, đương sự, người bị tố giác, người bị kiến nghị khởi tố",Bộ Công an,46/2019/TT-BCA,Thông tư,Tô Lâm,10/10/2019,Hình sự
160,Quy chế phối hợp 02/2019/QCPH-BCA-VKSNDTC-TANDTC trao đổi thông tin để xét xử tội phạm rửa tiền,"Quy chế phối hợp 02/2019/QCPH-BCA-VKSNDTC-TANDTC của Bộ Công an, Viện kiểm sát nhân dân tối cao, Tòa án nhân dân tối cao về việc trao đổi thông tin phục vụ điều tra, truy tố, xét xử tội phạm rửa tiền","Quy chế phối hợp 02/2019/QCPH-BCA-VKSNDTC-TANDTC của Bộ Công an, Viện kiểm sát nhân dân tối cao, Tòa án nhân dân tối cao về việc trao đổi thông tin phục vụ điều tra, truy tố, xét xử tội phạm rửa tiền",Bộ Công an; Toà án nhân dân tối cao; Viện kiểm sát nhân dân tối cao,02/2019/QCPH-BCA-VKSNDTC-TANDTC,Quy chế phối hợp,Bùi Văn Nam; Nguyễn Trí Tuệ; Nguyễn Văn Quảng,10/10/2019,Hình sự
161,Thông tư 43/2019/TT-BCA mẫu giấy tờ trong công tác chuyển giao người chấp hành án phạt tù,"Thông tư 43/2019/TT-BCA của Bộ Công an quy định về các loại mẫu giấy tờ trong công tác dẫn độ, chuyển giao người đang chấp hành án phạt tù thuộc thẩm quyền của Công an nhân dân","Thông tư 43/2019/TT-BCA của Bộ Công an quy định về các loại mẫu giấy tờ trong công tác dẫn độ, chuyển giao người đang chấp hành án phạt tù thuộc thẩm quyền của Công an nhân dân",Bộ Công an,43/2019/TT-BCA,Thông tư,Tô Lâm,01/10/2019,"Hình sự,   Tư pháp-Hộ tịch"
162,Nghị quyết 06/2019/NQ-HĐTP hướng dẫn xét xử xâm hại tình dục người dưới 18 tuổi,"Nghị quyết 06/2019/NQ-HĐTP của Hội đồng Thẩm phán Tòa án nhân dân tối cao về việc hướng dẫn áp dụng một số quy định tại các điều 141, 142, 143, 144, 145, 146, 147 của Bộ luật Hình sự và việc xét xử vụ án xâm hại tình dục người dưới 18 tuổi","Nghị quyết 06/2019/NQ-HĐTP của Hội đồng Thẩm phán Tòa án nhân dân tối cao về việc hướng dẫn áp dụng một số quy định tại các điều 141, 142, 143, 144, 145, 146, 147 của Bộ luật Hình sự và việc xét xử vụ án xâm hại tình dục người dưới 18 tuổi",Hội đồng Thẩm phán Toà án nhân dân tối cao,06/2019/NQ-HĐTP,Nghị quyết,Nguyễn Hòa Bình,01/10/2019,Hình sự
163,"Quyết định 1172/QĐ-TTg 2019 Đề án cơ sở vật chất, cán bộ phục vụ việc hỏi cung bị can","Quyết định 1172/QĐ-TTg của Thủ tướng Chính phủ về việc phê duyệt Đề án về cơ sở vật chất, bộ máy, cán bộ và lộ trình cụ thể thực hiện việc ghi âm hoặc ghi hình có âm thanh việc hỏi cung bị can theo quy định của Bộ luật Tố tụng hình sự năm 2015","Quyết định 1172/QĐ-TTg của Thủ tướng Chính phủ về việc phê duyệt Đề án về cơ sở vật chất, bộ máy, cán bộ và lộ trình cụ thể thực hiện việc ghi âm hoặc ghi hình có âm thanh việc hỏi cung bị can theo quy định của Bộ luật Tố tụng hình sự năm 2015",Thủ tướng Chính phủ,1172/QĐ-TTg,Quyết định,Nguyễn Xuân Phúc,11/09/2019,Hình sự
164,Quyết định 293/QĐ-CA 2019 về việc công bố án lệ,Quyết định 293/QĐ-CA của Tòa án nhân dân tối cao về việc công bố án lệ,Quyết định 293/QĐ-CA của Tòa án nhân dân tối cao về việc công bố án lệ,Toà án nhân dân tối cao,293/QĐ-CA,Quyết định,Nguyễn Hòa Bình,09/09/2019,"Hình sự,   Tư pháp-Hộ tịch"
165,"Hướng dẫn 09/HD-VKSTC 2019 thực hành quyền công tố, kiểm sát xét xử hình sự",Hướng dẫn 09/HD-VKSTC của Viện kiểm sát nhân dân tối cao về công tác thực hành quyền công tố và kiểm sát xét xử hình sự năm 2019,Hướng dẫn 09/HD-VKSTC của Viện kiểm sát nhân dân tối cao về công tác thực hành quyền công tố và kiểm sát xét xử hình sự năm 2019,Viện kiểm sát nhân dân tối cao,09/HD-VKSTC,Hướng dẫn,Dương Văn Phùng,17/01/2019,Hình sự
166,Quyết định 29/QĐ-VKSTC 2019 Mẫu sổ nghiệp vụ ngành Kiểm sát nhân dân,Quyết định 29/QĐ-VKSTC của Viện kiểm sát nhân dân tối cao về việc ban hành Mẫu sổ nghiệp vụ trong ngành Kiểm sát nhân dân,Quyết định 29/QĐ-VKSTC của Viện kiểm sát nhân dân tối cao về việc ban hành Mẫu sổ nghiệp vụ trong ngành Kiểm sát nhân dân,Viện kiểm sát nhân dân tối cao,29/QĐ-VKSTC,Quyết định,Lê Minh Trí,29/01/2019,"Dân sự,   Hình sự,   Tư pháp-Hộ tịch"
167,Quyết định 304/QĐ-VKSTC 2018 về quy trình giải quyết yêu cầu bồi thường của Nhà nước trong hoạt động tố tụng hình sự,Quyết định 304/QĐ-VKSTC của Viện kiểm sát nhân dân tối cao ban hành Quy định về quy trình giải quyết yêu cầu bồi thường của Nhà nước trong hoạt động tố tụng hình sự thuộc trách nhiệm của Viện kiểm sát nhân dân,Quyết định 304/QĐ-VKSTC của Viện kiểm sát nhân dân tối cao ban hành Quy định về quy trình giải quyết yêu cầu bồi thường của Nhà nước trong hoạt động tố tụng hình sự thuộc trách nhiệm của Viện kiểm sát nhân dân,Viện kiểm sát nhân dân tối cao,304/QĐ-VKSTC,Quyết định,Lê Minh Trí,29/06/2018,Hình sự
168,Công văn 160/TANDTC-PC 2018 ban hành một số biểu mẫu về tha tù trước thời hạn có điều kiện,Công văn 160/TANDTC-PC của Tòa án nhân dân tối cao về việc ban hành một số biểu mẫu về tha tù trước thời hạn có điều kiện,Công văn 160/TANDTC-PC của Tòa án nhân dân tối cao về việc ban hành một số biểu mẫu về tha tù trước thời hạn có điều kiện,Toà án nhân dân tối cao,160/TANDTC-PC,Công văn,Nguyễn Trí Tuệ,23/07/2018,Hình sự
169,Công điện 920/CĐ-TTg 2018 triển khai thực hiện tha tù trước thời hạn có điều kiện,Công điện 920/CĐ-TTg của Thủ tướng Chính phủ về việc triển khai thực hiện tha tù trước thời hạn có điều kiện,Công điện 920/CĐ-TTg của Thủ tướng Chính phủ về việc triển khai thực hiện tha tù trước thời hạn có điều kiện,Thủ tướng Chính phủ,920/CĐ-TTg,Công điện,Trương Hòa Bình,19/07/2018,Hình sự
